student_id,query_index,total_queries,is_first_query,time_since_session_start_s,time_since_last_query_s,pre_duration_s,pre_code_edits,pre_code_edit_rate,pre_chars_inserted,pre_chars_deleted,pre_code_deletes,pre_net_code_growth,pre_delete_type_ratio,pre_terminal_runs,pre_terminal_errors,pre_max_consecutive_errors,pre_mean_time_between_runs_s,pre_error_self_fix,pre_error_ai_fix,pre_error_reading_time_s,pre_error_to_edit_s,pre_failed_test_count,pre_failed_test_self_fix,pre_failed_test_ai_fix,pre_failed_test_to_edit_s,pre_longest_idle_s,thinking_time_s,pre_tab_switches,pre_tab_hidden_time_s,pre_response_reading_time_s,pre_chat_to_code_latency_s,pre_time_in_editor_s,pre_time_in_terminal_s,pre_time_in_chat_s,pre_time_in_task_s,pre_time_in_tests_s,implementing_time_s,debugging_time_s,testing_time_s,seeking_help_time_s,thinking_task_s,thinking_llm_s,thinking_error_s,thinking_code_s,query_length_chars,ai_response_length_chars,test_passed_at_query,test_total_at_query,post_response_implementing_s,post_response_debugging_s,post_response_thinking_s,post_response_seeking_help_s,post_response_testing_s,post_thinking_task_s,post_thinking_llm_s,post_thinking_error_s,post_thinking_code_s,post_code_edits,post_code_edit_rate,post_terminal_runs,post_terminal_errors,post_error_self_fix,task_completed,final_test_passed,final_test_total,session_duration_s,label_query_no_effort
12376,1,8,1,355.9,0.0,355.9,182,0.5114,160,18,18,142,0.0989,2,1,1,14.82,1,0,10.96,10.96,0,0,0,0.0,120.76,256.82,12,54.37,0.0,0.0,67.82,3.85,2.97,25.14,0.0,67.82,3.85,0.0,2.97,25.14,0.0,182.62,73.51,12,195,3,3,0.0,0.0,6.04,4.03,0.0,0,6.04,0.0,0.0,0,0.0,0,0,0,1,3,3,939.99,1.0
12376,2,8,0,367.34,11.44,10.07,0,0.0,0,0,0,0,0.0,0,0,0,0.0,0,0,0.0,0.0,0,0,0,0.0,5.71,5.71,0,0.0,10.07,0.0,0.0,0.0,4.03,0.0,0.0,0.0,0.0,0.0,4.03,0.0,6.04,0.0,0.0,28,381,3,3,0.0,0.0,11.73,13.37,0.0,0,11.73,0.0,0.0,0,0.0,0,0,0,1,3,3,939.99,1.0
12376,3,8,0,394.04,26.7,25.09,0,0.0,0,0,0,0,0.0,0,0,0,0.0,0,0,0.0,0.0,0,0,0,0.0,11.1,11.1,0,0.0,25.09,0.0,0.0,0.0,13.37,0.0,0.0,0.0,0.0,0.0,13.37,0.0,11.73,0.0,0.0,55,302,3,3,0.0,0.0,4.49,7.28,0.0,0,4.49,0.0,0.0,0,0.0,0,0,0,1,3,3,939.99,1.0
12376,4,8,0,407.5,13.46,11.77,0,0.0,0,0,0,0,0.0,0,0,0,0.0,0,0,0.0,0.0,0,0,0,0.0,3.79,3.79,0,0.0,11.77,0.0,0.0,0.0,7.28,0.0,0.0,0.0,0.0,0.0,7.28,0.0,4.49,0.0,0.0,37,577,3,3,0.0,0.0,36.16,6.49,0.0,0,36.16,0.0,0.0,0,0.0,0,0,0,1,3,3,939.99,1.0
12376,5,8,0,451.74,44.24,42.65,0,0.0,0,0,0,0,0.0,0,0,0,0.0,0,0,0.0,0.0,0,0,0,0.0,35.6,35.6,0,0.0,42.65,0.0,0.0,0.0,6.49,0.0,0.0,0.0,0.0,0.0,6.49,0.0,36.16,0.0,0.0,33,501,3,3,0.0,0.0,13.14,2.79,0.0,0,13.14,0.0,0.0,0,0.0,0,0,0,1,3,3,939.99,1.0
12376,6,8,0,468.92,17.18,15.93,0,0.0,0,0,0,0,0.0,0,0,0,0.0,0,0,0.0,0.0,0,0,0,0.0,12.64,12.64,0,0.0,15.93,0.0,0.0,0.0,2.79,0.0,0.0,0.0,0.0,0.0,2.79,0.0,13.14,0.0,0.0,16,292,3,3,0.0,0.0,6.3,6.2,0.0,0,6.3,0.0,0.0,0,0.0,0,0,0,1,3,3,939.99,1.0
12376,7,8,0,482.68,13.76,12.5,0,0.0,0,0,0,0,0.0,0,0,0,0.0,0,0,0.0,0.0,0,0,0,0.0,5.89,5.89,0,0.0,12.5,0.0,0.0,0.0,6.2,0.0,0.0,0.0,0.0,0.0,6.2,0.0,6.3,0.0,0.0,31,430,3,3,0.0,0.0,17.58,3.52,0.0,0,17.58,0.0,0.0,0,0.0,0,0,0,1,3,3,939.99,1.0
12376,8,8,0,506.12,23.44,21.1,0,0.0,0,0,0,0,0.0,0,0,0,0.0,0,0,0.0,0.0,0,0,0,0.0,10.81,16.33,0,0.0,21.1,0.0,0.0,0.0,3.52,0.0,0.0,0.0,0.0,0.0,3.52,0.0,17.58,0.0,0.0,21,421,3,3,0.0,0.0,432.42,0.0,0.0,0,432.42,0.0,0.0,0,0.0,0,0,0,1,3,3,939.99,
12380,1,1,1,232.83,0.0,232.83,181,0.7774,153,16,16,137,0.0884,5,5,1,14.65,4,0,9.67,9.67,0,0,0,0.0,16.46,124.61,22,43.02,0.0,0.0,50.9,18.44,11.09,65.01,0.0,50.9,18.44,0.0,11.09,65.01,0.0,39.16,48.22,28,100,0,0,0.0,93.87,605.16,0.0,0.0,0,24.5,580.65,0.0,197,0.2818,12,10,10,1,3,3,933.15,
12381,1,7,1,201.97,0.0,201.97,176,0.8714,150,16,16,134,0.0909,0,0,0,0.0,0,0,0.0,0.0,0,0,0,0.0,18.75,107.5,14,66.52,0.0,0.0,60.28,0.0,3.77,30.75,0.0,60.28,0.0,0.0,3.77,30.75,0.0,0.0,107.16,28,277,0,0,5.18,0.0,39.15,5.23,0.0,0,14.56,0.0,24.59,15,0.3026,0,0,0,1,3,3,944.62,0.0
12381,2,7,0,253.19,51.22,49.56,15,0.3026,15,0,0,15,0.0,0,0,0,0.0,0,0,0.0,0.0,0,0,0,0.0,14.88,26.67,8,24.56,14.56,14.56,5.18,0.0,5.23,0.0,0.0,5.18,0.0,0.0,5.23,0.0,14.56,0.0,24.59,35,366,0,0,64.65,6.5,95.38,8.52,0.0,0,20.92,0.0,74.45,162,0.9255,1,1,0,1,3,3,944.62,0.0
12381,3,7,0,430.12,176.93,175.04,162,0.9255,145,15,15,130,0.0926,1,1,1,0.0,0,0,0.0,0.0,0,0,0,0.0,22.94,80.48,18,54.05,20.92,20.92,64.65,6.5,8.52,0.0,0.0,64.65,6.5,0.0,8.52,0.0,20.92,0.0,74.45,20,732,0,0,0.0,32.33,46.47,5.58,0.0,0,7.97,38.5,0.0,61,0.723,1,1,0,1,3,3,944.62,0.0
12381,4,7,0,517.35,87.22,84.37,61,0.723,52,4,4,49,0.0656,1,1,1,0.0,0,0,0.0,0.0,0,0,0,0.0,8.4,44.59,0,0.0,7.97,7.97,0.0,32.33,5.58,0.0,0.0,0.0,32.33,0.0,5.58,0.0,7.97,38.5,0.0,39,626,0,0,0.0,28.53,40.32,11.76,0.0,0,40.32,0.0,0.0,2,0.0248,0,0,0,1,3,3,944.62,0.0
12381,5,7,0,599.8,82.46,80.6,2,0.0248,0,1,1,-1,0.5,0,0,0,0.0,0,0,0.0,0.0,0,0,0,0.0,22.95,57.69,0,0.0,39.92,39.92,0.0,28.53,11.76,0.0,0.0,0.0,28.53,0.0,11.76,0.0,40.32,0.0,0.0,72,671,0,0,0.0,12.07,24.64,6.71,0.0,0,13.64,11.0,0.0,32,0.7371,0,0,0,1,3,3,944.62,0.0
12381,6,7,0,646.07,46.27,43.42,32,0.7371,30,0,0,30,0.0,0,0,0,0.0,0,0,0.0,0.0,0,0,0,0.0,12.51,22.96,0,0.0,13.64,13.64,0.0,12.07,6.71,0.0,0.0,0.0,12.07,0.0,6.71,0.0,13.64,11.0,0.0,40,752,0,0,0.0,0.0,10.93,4.47,2.67,0,10.93,0.0,0.0,0,0.0,1,0,0,1,3,3,944.62,0.0
12381,7,7,0,666.96,20.89,18.07,0,0.0,0,0,0,0,0.0,1,0,0,0.0,0,0,0.0,0.0,0,0,0,0.0,10.93,10.93,0,0.0,10.93,0.0,0.0,2.67,4.47,0.0,2.67,0.0,0.0,2.67,4.47,0.0,10.93,0.0,0.0,36,375,3,3,0.0,0.0,275.91,0.0,0.0,0,275.91,0.0,0.0,0,0.0,0,0,0,1,3,3,944.62,
12382,1,2,1,44.33,0.0,44.33,2,0.0451,0,0,0,1,0.0,0,0,0,0.0,0,0,0.0,0.0,0,0,0,0.0,11.51,28.87,1,0.0,0.0,0.0,2.31,0.0,0.72,41.3,0.0,2.31,0.0,0.0,0.72,41.3,0.0,0.0,0.0,183,198,0,0,0.83,0.0,54.24,4.37,0.0,0,29.98,0.0,24.26,1,0.0168,1,0,0,1,3,3,929.81,0.0
12382,2,2,0,105.74,61.42,59.44,1,0.0168,0,0,0,1,0.0,1,0,0,0.0,0,0,0.0,0.0,0,0,0,0.0,14.89,51.52,2,14.89,29.98,29.98,0.83,0.0,4.37,0.0,0.0,0.83,0.0,0.0,4.37,0.0,29.98,0.0,24.26,38,192,3,3,0.0,0.0,822.57,0.0,0.0,0,822.57,0.0,0.0,0,0.0,0,0,0,1,3,3,929.81,
12384,1,2,1,238.51,0.0,238.51,279,1.1697,218,59,59,159,0.2115,7,7,1,17.16,7,0,15.11,15.11,0,0,0,0.0,20.07,127.41,2,5.33,0.0,0.0,67.79,24.5,4.82,33.79,0.0,67.79,24.5,0.0,4.82,33.79,0.0,73.0,34.61,133,216,0,0,0.0,1.96,91.51,2.73,0.0,0,16.6,74.91,0.0,3,0.0312,1,0,0,1,3,3,1030.0,0.0
12384,2,2,0,336.38,97.86,96.2,3,0.0312,0,2,2,-2,0.6667,1,0,0,0.0,0,0,0.0,0.0,0,0,0,0.0,33.22,89.5,2,33.22,16.25,16.25,0.0,1.96,2.73,0.0,0.0,0.0,1.96,0.0,2.73,0.0,16.6,74.91,0.0,9,231,3,3,217.86,0.0,474.66,0.0,0.0,0,474.66,0.0,0.0,2,0.0029,1,0,0,1,3,3,1030.0,
12385,1,7,1,32.98,0.0,32.98,0,0.0,0,0,0,0,0.0,0,0,0,0.0,0,0,0.0,0.0,0,0,0,0.0,5.55,15.27,0,0.0,0.0,0.0,0.0,0.0,6.59,26.39,0.0,0.0,0.0,0.0,6.59,26.39,0.0,0.0,0.0,23,265,0,0,2.3,0.0,13.78,12.46,0.0,0,13.78,0.0,0.0,4,0.1401,0,0,0,1,3,3,943.36,0.0
12385,2,7,0,64.63,31.65,28.55,4,0.1401,4,0,0,4,0.0,0,0,0,0.0,0,0,0.0,0.0,0,0,0,0.0,9.86,13.78,0,0.0,13.78,13.78,2.3,0.0,12.46,0.0,0.0,2.3,0.0,0.0,12.46,0.0,13.78,0.0,0.0,38,435,0,0,69.91,0.0,14.01,8.53,0.0,0,5.61,0.0,8.4,130,1.4062,0,0,0,1,3,3,943.36,0.0
12385,3,7,0,159.25,94.62,92.45,130,1.4062,110,18,18,92,0.1385,0,0,0,0.0,0,0,0.0,0.0,0,0,0,0.0,8.16,11.53,0,0.0,5.61,5.61,69.91,0.0,8.53,0.0,0.0,69.91,0.0,0.0,8.53,0.0,5.61,0.0,8.4,26,458,0,0,31.43,35.49,67.7,7.73,2.14,0,7.96,22.72,37.02,131,0.9067,5,5,5,1,3,3,943.36,0.0
12385,4,7,0,305.62,146.37,144.48,131,0.9067,90,33,33,58,0.2519,5,5,1,20.07,5,0,9.83,9.83,0,0,0,0.0,9.59,60.13,0,0.0,7.96,7.96,31.43,37.63,7.73,0.0,2.14,31.43,35.49,2.14,7.73,0.0,7.96,22.72,37.02,97,412,0,0,0.0,23.24,36.41,0.16,0.0,0,7.26,29.15,0.0,21,0.3511,1,1,1,1,3,3,943.36,0.0
12385,5,7,0,367.38,61.76,59.81,21,0.3511,3,6,6,-1,0.2857,1,1,1,0.0,1,0,2.63,2.63,0,0,0,0.0,9.48,23.14,0,0.0,7.26,7.26,0.0,23.24,0.16,0.0,0.0,0.0,23.24,0.0,0.16,0.0,7.26,29.15,0.0,115,393,0,0,0.0,19.05,31.26,5.73,0.0,0,15.47,15.79,0.0,27,0.4818,3,1,1,1,3,3,943.36,0.0
12385,6,7,0,425.18,57.81,56.04,27,0.4818,16,6,6,10,0.2222,3,1,1,9.89,1,0,3.34,3.34,2,2,0,7.24,10.65,22.21,0,0.0,15.12,15.12,0.0,19.05,5.73,0.0,0.0,0.0,19.05,0.0,5.73,0.0,15.47,15.79,0.0,200,210,0,3,0.0,3.8,48.77,2.15,0.0,0,4.05,44.72,0.0,12,0.2193,1,0,0,1,3,3,943.36,0.0
12385,7,7,0,481.51,56.33,54.72,12,0.2193,12,0,0,12,0.0,1,0,0,0.0,0,0,0.0,0.0,0,0,0,0.0,33.31,44.19,2,33.31,4.05,4.05,0.0,3.8,2.15,0.0,0.0,0.0,3.8,0.0,2.15,0.0,4.05,44.72,0.0,10,258,3,3,0.0,0.0,459.86,0.0,0.0,0,459.86,0.0,0.0,0,0.0,0,0,0,1,3,3,943.36,
12386,1,13,1,69.95,0.0,69.95,54,0.772,53,1,1,52,0.0185,0,0,0,0.0,0,0,0.0,0.0,0,0,0,0.0,10.78,36.89,0,0.0,0.0,0.0,14.96,0.0,9.61,25.96,0.0,14.96,0.0,0.0,9.61,25.96,0.0,0.0,19.42,30,196,0,0,0.0,0.0,11.3,7.17,0.0,0,11.3,0.0,0.0,0,0.0,0,0,0,1,3,3,939.63,1.0
12386,2,13,0,90.42,20.48,18.47,0,0.0,0,0,0,0,0.0,0,0,0,0.0,0,0,0.0,0.0,0,0,0,0.0,10.5,10.5,0,0.0,18.47,0.0,0.0,0.0,7.17,0.0,0.0,0.0,0.0,0.0,7.17,0.0,11.3,0.0,0.0,34,228,0,0,0.0,0.0,11.35,2.87,0.0,0,11.35,0.0,0.0,1,0.0703,0,0,0,1,3,3,939.63,0.0
12386,3,13,0,107.38,16.96,14.22,1,0.0703,0,0,0,0,0.0,0,0,0,0.0,0,0,0.0,0.0,0,0,0,0.0,9.06,9.06,0,0.0,9.21,9.21,0.0,0.0,2.87,0.0,0.0,0.0,0.0,0.0,2.87,0.0,11.35,0.0,0.0,17,197,0,0,4.85,0.0,13.52,7.4,0.0,0,4.85,0.0,8.67,5,0.194,0,0,0,1,3,3,939.63,0.0
12386,4,13,0,134.34,26.96,25.77,5,0.194,0,3,3,-3,0.6,0,0,0,0.0,0,0,0.0,0.0,0,0,0,0.0,6.95,10.96,0,0.0,4.2,4.2,4.85,0.0,7.4,0.0,0.0,4.85,0.0,0.0,7.4,0.0,4.85,0.0,8.67,37,229,0,0,0.66,0.0,29.78,9.76,0.0,0,13.16,0.0,16.63,2,0.0497,0,0,0,1,3,3,939.63,0.0
12386,5,13,0,176.38,42.04,40.2,2,0.0497,1,1,1,0,0.5,0,0,0,0.0,0,0,0.0,0.0,0,0,0,0.0,14.96,27.58,0,0.0,13.16,13.16,0.66,0.0,9.76,0.0,0.0,0.66,0.0,0.0,9.76,0.0,13.16,0.0,16.63,52,290,0,0,8.22,0.0,17.5,2.21,0.0,0,6.27,0.0,11.22,26,0.931,0,0,0,1,3,3,939.63,0.0
12386,6,13,0,206.63,30.25,27.93,26,0.931,26,0,0,26,0.0,0,0,0,0.0,0,0,0.0,0.0,0,0,0,0.0,11.22,16.88,0,0.0,6.27,6.27,8.22,0.0,2.21,0.0,0.0,8.22,0.0,0.0,2.21,0.0,6.27,0.0,11.22,14,288,0,0,6.11,0.0,20.83,3.61,0.0,0,8.11,0.0,12.72,16,0.5238,0,0,0,1,3,3,939.63,0.0
12386,7,13,0,239.72,33.09,30.55,16,0.5238,2,14,14,-12,0.875,0,0,0,0.0,0,0,0.0,0.0,0,0,0,0.0,12.72,20.29,0,0.0,8.11,8.11,6.11,0.0,3.61,0.0,0.0,6.11,0.0,0.0,3.61,0.0,8.11,0.0,12.72,6,335,0,0,0.0,0.0,8.83,6.18,0.0,0,8.83,0.0,0.0,0,0.0,0,0,0,1,3,3,939.63,1.0
12386,8,13,0,257.28,17.56,15.01,0,0.0,0,0,0,0,0.0,0,0,0,0.0,0,0,0.0,0.0,0,0,0,0.0,8.05,8.05,0,0.0,15.01,0.0,0.0,0.0,6.18,0.0,0.0,0.0,0.0,0.0,6.18,0.0,8.83,0.0,0.0,38,439,0,0,13.44,0.0,23.97,1.58,0.0,0,23.97,0.0,0.0,24,0.6156,0,0,0,1,3,3,939.63,0.0
12386,9,13,0,299.66,42.39,38.99,24,0.6156,22,2,2,20,0.0833,0,0,0,0.0,0,0,0.0,0.0,0,0,0,0.0,23.04,23.04,0,0.0,23.97,23.97,13.44,0.0,1.58,0.0,0.0,13.44,0.0,0.0,1.58,0.0,23.97,0.0,0.0,10,340,0,0,0.0,0.0,31.88,1.96,0.0,0,31.88,0.0,0.0,0,0.0,0,0,0,1,3,3,939.63,1.0
12386,10,13,0,336.04,36.38,33.84,0,0.0,0,0,0,0,0.0,0,0,0,0.0,0,0,0.0,0.0,0,0,0,0.0,23.56,31.88,0,0.0,33.84,0.0,0.0,0.0,1.96,0.0,0.0,0.0,0.0,0.0,1.96,0.0,31.88,0.0,0.0,11,511,0,0,18.3,0.0,69.47,7.07,0.0,0,12.29,0.0,57.17,50,0.5272,0,0,0,1,3,3,939.63,0.0
12386,11,13,0,433.75,97.71,94.84,50,0.5272,46,4,4,42,0.08,0,0,0,0.0,0,0,0.0,0.0,0,0,0,0.0,24.23,65.81,2,12.54,12.29,12.29,18.3,0.0,7.07,0.0,0.0,18.3,0.0,0.0,7.07,0.0,12.29,0.0,57.17,37,499,0,0,33.19,10.35,64.15,5.6,0.0,0,13.63,29.17,21.35,77,0.6797,3,3,2,1,3,3,939.63,0.0
12386,12,13,0,549.51,115.76,113.29,77,0.6797,62,10,10,52,0.1299,3,3,1,11.73,2,0,6.53,6.53,0,0,0,0.0,22.17,67.62,0,0.0,13.63,13.63,33.19,10.35,5.6,0.0,0.0,33.19,10.35,0.0,5.6,0.0,13.63,29.17,21.35,31,533,0,0,0.0,15.51,27.31,6.94,0.0,0,11.51,15.81,0.0,22,0.4421,2,2,1,1,3,3,939.63,0.0
12386,13,13,0,602.11,52.6,49.76,22,0.4421,19,3,3,16,0.1364,2,2,1,24.84,1,0,15.79,15.79,0,0,0,0.0,15.17,29.23,0,0.0,11.51,11.51,0.0,15.51,6.94,0.0,0.0,0.0,15.51,0.0,6.94,0.0,11.51,15.81,0.0,33,566,0,0,0.0,11.59,323.22,0.0,0.0,0,12.83,310.39,0.0,31,0.0926,2,1,1,1,3,3,939.63,
12387,1,1,1,119.63,0.0,119.63,1,0.0084,0,0,0,1,0.0,1,0,0,0.0,0,0,0.0,0.0,0,0,0,0.0,31.82,109.4,0,0.0,0.0,0.0,30.35,0.0,1.46,72.27,0.0,30.35,0.0,0.0,1.46,72.27,0.0,0.0,15.54,9,216,3,3,0.0,0.0,812.72,0.0,0.0,0,812.72,0.0,0.0,0,0.0,0,0,0,1,3,3,933.56,
12389,1,4,1,396.2,0.0,396.2,178,0.4493,158,19,19,139,0.1067,7,7,1,30.81,6,0,20.11,34.71,0,0,0,0.0,33.38,213.81,0,0.0,0.0,0.0,101.57,98.88,34.33,32.14,89.41,101.57,9.47,89.41,34.33,32.14,0.0,112.76,16.52,83,136,0,0,0.0,0.0,9.74,36.1,0.0,0,9.74,0.0,0.0,0,0.0,0,0,0,1,3,3,939.53,1.0
12389,2,4,0,443.12,46.91,45.84,0,0.0,0,0,0,0,0.0,0,0,0,0.0,0,0,0.0,0.0,0,0,0,0.0,4.62,11.87,0,0.0,45.84,0.0,0.0,0.0,36.1,0.0,0.0,0.0,0.0,0.0,36.1,0.0,9.74,0.0,0.0,49,217,0,0,0.0,5.86,26.56,7.31,0.0,0,10.95,15.61,0.0,20,0.5035,1,1,1,1,3,3,939.53,0.0
12389,3,4,0,484.09,40.97,39.72,20,0.5035,16,3,3,13,0.15,1,1,1,0.0,1,0,5.42,5.42,0,0,0,0.0,8.95,22.96,0,0.0,10.94,10.94,0.0,5.86,7.31,0.0,0.0,0.0,5.86,0.0,7.31,0.0,10.95,15.61,0.0,24,178,0,0,0.0,4.87,56.59,14.61,0.0,0,45.88,10.72,0.0,10,0.1315,1,0,0,1,3,3,939.53,0.0
12389,4,4,0,561.21,77.12,76.07,10,0.1315,10,0,0,10,0.0,1,0,0,0.0,0,0,0.0,0.0,0,0,0,0.0,41.65,51.63,0,0.0,45.88,45.88,0.0,4.87,14.61,0.0,0.0,0.0,4.87,0.0,14.61,0.0,45.88,10.72,0.0,43,303,3,3,0.0,0.0,377.05,0.0,0.0,0,377.05,0.0,0.0,0,0.0,0,0,0,1,3,3,939.53,
12390,1,6,1,322.21,0.0,322.21,229,0.7107,205,22,22,183,0.0961,1,1,1,0.0,0,0,0.0,0.0,0,0,0,0.0,31.08,192.06,16,78.29,0.0,0.0,145.78,0.0,9.36,27.15,0.0,145.78,0.0,0.0,9.36,27.15,0.0,0.0,139.92,26,208,0,0,0.0,28.67,39.77,38.51,0.0,0,9.0,30.77,0.0,43,0.402,3,3,2,0,0,0,929.62,0.0
12390,2,6,0,430.52,108.31,106.96,43,0.402,33,10,10,23,0.2326,3,3,1,21.06,2,0,16.26,16.26,0,0,0,0.0,8.98,40.75,2,4.99,9.0,9.0,0.0,28.67,38.51,0.0,0.0,0.0,28.67,0.0,38.51,0.0,9.0,30.77,0.0,90,280,0,0,0.0,13.39,27.21,1.72,2.83,0,9.57,17.64,0.0,27,0.598,2,2,1,0,0,0,929.62,0.0
12390,3,6,0,477.35,46.83,45.15,27,0.598,5,22,22,-17,0.8148,2,2,1,21.02,1,0,2.82,2.82,0,0,0,0.0,9.27,21.42,2,9.01,9.57,9.57,0.0,16.22,1.72,0.0,2.83,0.0,13.39,2.83,1.72,0.0,9.57,17.64,0.0,12,247,0,0,0.0,11.43,25.19,33.2,2.79,0,25.19,0.0,0.0,18,0.2479,1,1,0,0,0,0,929.62,0.0
12390,4,6,0,551.39,74.05,72.61,18,0.2479,17,1,1,16,0.0556,1,1,1,0.0,0,0,0.0,0.0,0,0,0,0.0,24.64,24.64,0,0.0,25.19,25.19,0.0,14.219999999999999,33.2,0.0,2.79,0.0,11.43,2.79,33.2,0.0,25.19,0.0,0.0,102,409,0,0,0.0,11.36,37.98,10.73,4.09,0,20.85,17.13,0.0,44,0.6859,2,2,0,0,0,0,929.62,0.0
12390,5,6,0,616.98,65.59,64.15,44,0.6859,28,16,16,12,0.3636,2,2,1,4.08,0,0,4.06,0.0,0,0,0,0.0,20.55,41.1,0,0.0,20.85,20.85,0.0,15.45,10.73,0.0,4.09,0.0,11.36,4.09,10.73,0.0,20.85,17.13,0.0,40,311,0,0,0.0,6.13,32.27,11.28,0.0,0,18.75,13.52,0.0,15,0.3019,1,1,0,0,0,0,929.62,0.0
12390,6,6,0,668.97,51.99,49.68,15,0.3019,13,1,1,12,0.0667,1,1,1,0.0,0,0,0.0,0.0,0,0,0,0.0,17.46,29.86,0,0.0,17.46,17.46,0.0,6.13,11.28,0.0,0.0,0.0,6.13,0.0,11.28,0.0,18.75,13.52,0.0,47,405,0,0,0.0,0.0,258.69,0.0,0.0,0,258.69,0.0,0.0,0,0.0,0,0,0,0,0,0,929.62,
12391,1,1,1,148.49,0.0,148.49,156,1.0506,149,6,6,143,0.0385,1,0,0,0.0,0,0,0.0,0.0,0,0,0,0.0,22.02,91.23,0,0.0,0.0,0.0,51.91,0.0,3.36,37.04,0.0,51.91,0.0,0.0,3.36,37.04,0.0,0.0,56.19,15,345,3,3,0.0,0.0,801.66,0.0,0.0,0,801.66,0.0,0.0,0,0.0,1,0,0,1,3,3,954.04,
12393,1,8,1,86.85,0.0,86.85,17,0.1957,16,1,1,15,0.0588,1,1,1,0.0,1,0,16.22,16.22,0,0,0,0.0,23.57,49.94,0,0.0,0.0,0.0,0.0,10.99,7.94,67.91,0.0,0.0,10.99,0.0,7.94,67.91,0.0,0.0,0.0,26,102,0,0,0.0,4.06,7.01,3.25,0.0,0,7.01,0.0,0.0,2,0.1397,0,0,0,0,0,0,966.33,0.0
12393,2,8,0,103.16,16.31,14.32,2,0.1397,2,0,0,2,0.0,0,0,0,0.0,0,0,0.0,0.0,0,0,0,0.0,5.09,5.09,0,0.0,7.01,7.01,0.0,4.06,3.25,0.0,0.0,0.0,4.06,0.0,3.25,0.0,7.01,0.0,0.0,13,127,0,0,0.0,112.3,57.42,3.54,0.0,0,12.73,44.69,0.0,147,0.8485,0,0,0,0,0,0,966.33,0.0
12393,3,8,0,278.66,175.5,173.26,147,0.8485,110,37,37,73,0.2517,0,0,0,0.0,0,0,0.0,0.0,0,0,0,0.0,13.31,78.28,0,0.0,12.73,12.73,0.0,112.3,3.54,0.0,0.0,0.0,112.3,0.0,3.54,0.0,12.73,44.69,0.0,14,223,0,0,0.0,0.0,9.87,8.15,0.0,0,9.87,0.0,0.0,0,0.0,0,0,0,0,0,0,966.33,1.0
12393,4,8,0,299.51,20.85,18.02,0,0.0,0,0,0,0,0.0,0,0,0,0.0,0,0,0.0,0.0,0,0,0,0.0,9.5,13.47,0,0.0,18.02,0.0,0.0,0.0,8.15,0.0,0.0,0.0,0.0,0.0,8.15,0.0,9.87,0.0,0.0,5,297,0,0,0.0,25.12,80.17,3.18,2.53,0,49.24,30.93,0.0,45,0.4054,3,3,3,0,0,0,966.33,0.0
12393,5,8,0,413.47,113.97,111.0,45,0.4054,23,22,22,1,0.4889,3,3,1,26.83,3,0,15.41,21.69,0,0,0,0.0,24.28,80.16,0,0.0,24.28,49.24,0.0,27.650000000000002,3.18,0.0,2.53,0.0,25.12,2.53,3.18,0.0,49.24,30.93,0.0,17,287,0,0,0.0,3.19,47.13,14.69,1.91,0,18.96,28.16,0.0,8,0.1195,2,2,0,0,0,0,966.33,0.0
12393,6,8,0,482.71,69.24,66.92,8,0.1195,1,7,7,-6,0.875,2,2,1,1.89,0,0,1.87,0.0,0,0,0,0.0,11.1,39.76,0,0.0,18.96,18.96,0.0,5.1,14.69,0.0,1.91,0.0,3.19,1.91,14.69,0.0,18.96,28.16,0.0,18,359,0,0,0.0,0.0,38.08,4.08,0.0,0,38.08,0.0,0.0,0,0.0,0,0,0,0,0,0,966.33,1.0
12393,7,8,0,526.87,44.16,42.16,0,0.0,0,0,0,0,0.0,0,0,0,0.0,0,0,0.0,0.0,0,0,0,0.0,26.04,32.07,0,0.0,42.16,0.0,0.0,0.0,4.08,0.0,0.0,0.0,0.0,0.0,4.08,0.0,38.08,0.0,0.0,17,455,0,0,0.0,19.1,62.37,8.56,0.0,0,29.66,32.71,0.0,32,0.3554,0,0,0,0,0,0,966.33,0.0
12393,8,8,0,619.42,92.55,90.03,32,0.3554,19,13,13,6,0.4062,0,0,0,0.0,0,0,0.0,0.0,0,0,0,0.0,25.95,53.03,0,0.0,29.66,29.66,0.0,19.1,8.56,0.0,0.0,0.0,19.1,0.0,8.56,0.0,29.66,32.71,0.0,14,548,0,0,0.0,13.06,330.83,0.0,0.0,0,156.51,174.31,0.0,24,0.0698,0,0,0,0,0,0,966.33,
12394,1,2,1,48.09,0.0,48.09,0,0.0,0,0,0,0,0.0,0,0,0,0.0,0,0,0.0,0.0,0,0,0,0.0,25.48,33.01,2,1.03,0.0,0.0,0.0,0.0,0.36,47.73,0.0,0.0,0.0,0.0,0.36,47.73,0.0,0.0,0.0,184,213,0,0,0.0,0.0,4.15,0.61,0.0,0,4.15,0.0,0.0,0,0.0,0,0,0,1,3,3,2638.64,1.0
12394,2,2,0,54.54,6.45,4.76,0,0.0,0,0,0,0,0.0,0,0,0,0.0,0,0,0.0,0.0,0,0,0,0.0,4.15,4.15,0,0.0,4.76,0.0,0.0,0.0,0.61,0.0,0.0,0.0,0.0,0.0,0.61,0.0,4.15,0.0,0.0,7,283,0,0,3.1,0.0,2578.83,0.58,0.0,0,20.86,0.0,2557.97,17,0.0066,1,0,0,1,3,3,2638.64,
12395,1,4,1,75.48,0.0,75.48,0,0.0,0,0,0,0,0.0,0,0,0,0.0,0,0,0.0,0.0,0,0,0,0.0,26.47,51.91,0,0.0,0.0,0.0,0.0,0.0,12.91,62.57,0.0,0.0,0.0,0.0,12.91,62.57,0.0,0.0,0.0,56,138,0,0,0.0,0.0,14.64,11.81,0.0,0,14.64,0.0,0.0,0,0.0,0,0,0,1,3,3,1004.06,1.0
12395,2,4,0,103.29,27.81,26.46,0,0.0,0,0,0,0,0.0,0,0,0,0.0,0,0,0.0,0.0,0,0,0,0.0,13.79,13.79,0,0.0,26.46,0.0,0.0,0.0,11.81,0.0,0.0,0.0,0.0,0.0,11.81,0.0,14.64,0.0,0.0,61,181,0,0,0.0,0.0,6.67,1.21,0.0,0,6.67,0.0,0.0,0,0.0,0,0,0,1,3,3,1004.06,1.0
12395,3,4,0,112.87,9.58,7.88,0,0.0,0,0,0,0,0.0,0,0,0,0.0,0,0,0.0,0.0,0,0,0,0.0,6.54,6.54,0,0.0,7.88,0.0,0.0,0.0,1.21,0.0,0.0,0.0,0.0,0.0,1.21,0.0,6.67,0.0,0.0,3,175,0,0,0.0,0.0,7.79,0.63,0.0,0,7.79,0.0,0.0,0,0.0,0,0,0,1,3,3,1004.06,1.0
12395,4,4,0,122.43,9.56,8.42,0,0.0,0,0,0,0,0.0,0,0,0,0.0,0,0,0.0,0.0,0,0,0,0.0,4.9,4.9,0,0.0,8.42,0.0,0.0,0.0,0.63,0.0,0.0,0.0,0.0,0.0,0.63,0.0,7.79,0.0,0.0,3,332,0,0,72.52,14.02,792.5,0.0,0.0,0,37.01,720.44,35.05,200,0.2275,4,3,3,1,3,3,1004.06,
12398,1,3,1,225.56,0.0,225.56,159,0.7049,126,33,33,93,0.2075,4,4,1,39.65,4,0,22.6,22.6,0,0,0,0.0,41.14,124.92,10,68.44,0.0,0.0,47.31,23.45,11.88,26.2,2.13,47.31,21.32,2.13,11.88,26.2,7.83,62.14,46.76,11,565,0,0,0.0,3.54,29.55,6.34,0.0,0,22.23,7.32,0.0,19,0.4819,0,0,0,1,3,3,953.38,0.0
12398,2,3,0,267.34,41.77,39.43,19,0.4819,0,19,19,-19,1.0,0,0,0,0.0,0,0,0.0,0.0,0,0,0,0.0,22.07,29.07,0,0.0,22.23,22.23,0.0,3.54,6.34,0.0,0.0,0.0,3.54,0.0,6.34,0.0,22.23,7.32,0.0,52,805,0,0,0.0,0.0,13.05,2.66,0.0,0,13.05,0.0,0.0,0,0.0,0,0,0,1,3,3,953.38,1.0
12398,3,3,0,286.06,18.72,15.71,0,0.0,0,0,0,0,0.0,0,0,0,0.0,0,0,0.0,0.0,0,0,0,0.0,12.04,12.04,0,0.0,15.71,0.0,0.0,0.0,2.66,0.0,0.0,0.0,0.0,0.0,2.66,0.0,13.05,0.0,0.0,20,800,0,0,0.0,22.18,636.29,0.0,1.59,0,24.32,611.97,0.0,84,0.1273,3,2,2,1,3,3,953.38,
12399,1,2,1,37.29,0.0,37.29,0,0.0,0,0,0,0,0.0,0,0,0,0.0,0,0,0.0,0.0,0,0,0,0.0,8.45,23.24,0,0.0,0.0,0.0,0.0,0.0,0.36,36.93,0.0,0.0,0.0,0.0,0.36,36.93,0.0,0.0,0.0,184,333,0,0,0.0,0.0,47.36,10.94,0.0,0,47.36,0.0,0.0,0,0.0,0,0,0,1,3,3,939.65,1.0
12399,2,2,0,97.55,60.27,58.29,0,0.0,0,0,0,0,0.0,0,0,0,0.0,0,0,0.0,0.0,0,0,0,0.0,21.61,47.36,2,8.57,58.29,0.0,0.0,0.0,10.94,0.0,0.0,0.0,0.0,0.0,10.94,0.0,47.36,0.0,0.0,50,463,0,0,10.35,0.0,829.62,0.0,0.0,0,34.05,0.0,795.57,1,0.0012,1,0,0,1,3,3,939.65,
12401,1,7,1,56.52,0.0,56.52,0,0.0,0,0,0,0,0.0,0,0,0,0.0,0,0,0.0,0.0,0,0,0,0.0,15.72,41.4,0,0.0,0.0,0.0,0.0,0.0,10.33,46.19,0.0,0.0,0.0,0.0,10.33,46.19,0.0,0.0,0.0,33,328,0,0,17.03,0.0,7.07,28.01,0.0,0,1.02,0.0,6.06,50,0.9594,0,0,0,1,3,3,932.89,0.0
12401,2,7,0,110.16,53.64,52.12,50,0.9594,36,14,14,22,0.28,0,0,0,0.0,0,0,0.0,0.0,0,0,0,0.0,5.12,5.12,0,0.0,1.02,1.02,17.03,0.0,28.01,0.0,0.0,17.03,0.0,0.0,28.01,0.0,1.02,0.0,6.06,103,247,0,0,7.16,0.0,60.28,17.39,0.0,0,52.46,0.0,7.82,22,0.2593,0,0,0,1,3,3,932.89,0.0
12401,3,7,0,196.33,86.17,84.83,22,0.2593,17,5,5,12,0.2273,0,0,0,0.0,0,0,0.0,0.0,0,0,0,0.0,43.5,60.71,4,44.94,52.46,52.46,7.16,0.0,17.39,0.0,0.0,7.16,0.0,0.0,17.39,0.0,52.46,0.0,7.82,14,244,0,0,105.23,0.68,119.35,1.94,0.0,0,48.61,9.61,61.13,214,0.9419,2,1,1,1,3,3,932.89,0.0
12401,4,7,0,424.64,228.3,227.2,214,0.9419,163,46,46,117,0.215,2,1,1,19.06,1,0,15.32,15.32,0,0,0,0.0,24.48,91.82,20,63.77,48.61,48.61,105.23,0.68,1.94,0.0,0.0,105.23,0.68,0.0,1.94,0.0,48.61,9.61,61.13,6,231,3,3,0.0,0.0,5.29,0.69,0.0,0,5.29,0.0,0.0,0,0.0,0,0,0,1,3,3,932.89,1.0
12401,5,7,0,431.75,7.12,5.98,0,0.0,0,0,0,0,0.0,0,0,0,0.0,0,0,0.0,0.0,0,0,0,0.0,4.36,4.36,0,0.0,5.98,0.0,0.0,0.0,0.69,0.0,0.0,0.0,0.0,0.0,0.69,0.0,5.29,0.0,0.0,5,273,3,3,0.0,0.0,3.13,23.65,0.0,0,3.13,0.0,0.0,0,0.0,0,0,0,1,3,3,932.89,1.0
12401,6,7,0,459.72,27.97,26.79,0,0.0,0,0,0,0,0.0,0,0,0,0.0,0,0,0.0,0.0,0,0,0,0.0,4.22,4.22,0,0.0,26.79,0.0,0.0,0.0,23.65,0.0,0.0,0.0,0.0,0.0,23.65,0.0,3.13,0.0,0.0,59,355,3,3,0.0,0.0,11.59,12.16,0.0,0,11.59,0.0,0.0,0,0.0,0,0,0,1,3,3,932.89,1.0
12401,7,7,0,484.74,25.02,23.75,0,0.0,0,0,0,0,0.0,0,0,0,0.0,0,0,0.0,0.0,0,0,0,0.0,10.98,10.98,0,0.0,23.75,0.0,0.0,0.0,12.16,0.0,0.0,0.0,0.0,0.0,12.16,0.0,11.59,0.0,0.0,34,440,3,3,0.0,0.0,445.8,0.0,0.0,0,445.8,0.0,0.0,0,0.0,0,0,0,1,3,3,932.89,
12402,1,2,1,174.32,0.0,174.32,293,1.6808,243,48,48,195,0.1638,1,1,1,0.0,0,0,0.0,0.0,0,0,0,0.0,9.88,68.34,0,0.0,0.0,0.0,111.71,0.0,4.24,40.52,0.0,111.71,0.0,0.0,4.24,40.52,0.0,0.0,17.85,19,443,0,0,0.0,0.0,27.0,2.37,0.0,0,27.0,0.0,0.0,0,0.0,0,0,0,1,3,3,946.98,1.0
12402,2,2,0,205.42,31.1,29.37,0,0.0,0,0,0,0,0.0,0,0,0,0.0,0,0,0.0,0.0,0,0,0,0.0,17.5,27.0,0,0.0,29.37,0.0,0.0,0.0,2.37,0.0,0.0,0.0,0.0,0.0,2.37,0.0,27.0,0.0,0.0,15,508,0,0,0.0,14.2,88.69,227.21,408.99,0,35.56,22.88,30.25,23,0.0311,5,2,2,1,3,3,946.98,
12403,1,1,1,73.12,0.0,73.12,0,0.0,0,0,0,0,0.0,0,0,0,0.0,0,0,0.0,0.0,0,0,0,0.0,15.17,59.64,0,0.0,0.0,0.0,0.0,0.0,0.75,72.38,0.0,0.0,0.0,0.0,0.75,72.38,0.0,0.0,0.0,183,166,0,0,0.0,0.0,17.07,0.0,0.0,0,17.07,0.0,0.0,0,0.0,0,0,0,0,0,0,91.78,
12406,1,4,1,139.84,0.0,139.84,16,0.1144,12,0,0,15,0.0,3,3,1,28.37,2,0,10.17,10.17,0,0,0,0.0,21.69,101.92,12,48.14,0.0,0.0,1.38,14.62,4.24,65.23,0.0,1.38,14.62,0.0,4.24,65.23,0.0,40.38,13.99,32,358,0,0,0.0,0.0,16.55,4.64,0.0,0,16.55,0.0,0.0,0,0.0,0,0,0,1,3,3,939.8,1.0
12406,2,4,0,162.7,22.86,21.19,0,0.0,0,0,0,0,0.0,0,0,0,0.0,0,0,0.0,0.0,0,0,0,0.0,16.38,16.38,0,0.0,21.19,0.0,0.0,0.0,4.64,0.0,0.0,0.0,0.0,0.0,4.64,0.0,16.55,0.0,0.0,32,278,0,0,0.0,15.85,5.42,1.88,0.0,0,5.42,0.0,0.0,2,0.0864,0,0,0,1,3,3,939.8,0.0
12406,3,4,0,187.29,24.59,23.15,2,0.0864,0,1,1,-1,0.5,0,0,0,0.0,0,0,0.0,0.0,0,0,0,0.0,6.68,17.56,2,6.68,5.04,5.04,0.0,15.85,1.88,0.0,0.0,0.0,15.85,0.0,1.88,0.0,5.42,0.0,0.0,15,386,0,0,0.0,0.0,43.19,3.82,0.0,0,43.19,0.0,0.0,0,0.0,0,0,0,1,3,3,939.8,1.0
12406,4,4,0,236.23,48.94,47.01,0,0.0,0,0,0,0,0.0,0,0,0,0.0,0,0,0.0,0.0,0,0,0,0.0,19.89,40.53,2,19.89,47.01,0.0,0.0,0.0,3.82,0.0,0.0,0.0,0.0,0.0,3.82,0.0,43.19,0.0,0.0,28,266,0,0,0.0,2.3,700.01,0.0,0.0,0,29.27,670.74,0.0,2,0.0028,1,0,0,1,3,3,939.8,
12407,1,2,1,251.23,0.0,251.23,17,0.0677,17,0,0,17,0.0,0,0,0,0.0,0,0,0.0,0.0,0,0,0,0.0,101.38,207.4,4,141.48,0.0,0.0,6.13,0.0,37.03,90.89,0.0,6.13,0.0,0.0,37.03,90.89,0.0,0.0,117.18,58,318,0,0,0.0,0.0,19.8,23.68,0.0,0,19.8,0.0,0.0,0,0.0,0,0,0,1,3,3,951.66,1.0
12407,2,2,0,295.93,44.7,43.48,0,0.0,0,0,0,0,0.0,0,0,0,0.0,0,0,0.0,0.0,0,0,0,0.0,17.53,17.53,0,0.0,43.48,0.0,0.0,0.0,23.68,0.0,0.0,0.0,0.0,0.0,23.68,0.0,19.8,0.0,0.0,74,269,0,0,66.0,2.0,586.37,0.0,0.0,0,31.18,485.11,70.08,154,0.2353,2,1,1,1,3,3,951.66,
12408,1,1,1,93.96,0.0,93.96,30,0.3193,27,3,3,24,0.1,0,0,0,0.0,0,0,0.0,0.0,0,0,0,0.0,19.45,61.72,0,0.0,0.0,0.0,16.06,0.0,7.07,60.62,0.0,16.06,0.0,0.0,7.07,60.62,0.0,0.0,10.21,39,373,0,0,80.88,18.87,748.55,0.0,0.0,0,5.07,695.78,47.7,193,0.2275,4,2,2,1,3,3,943.97,
12412,1,10,1,37.39,0.0,37.39,0,0.0,0,0,0,0,0.0,0,0,0,0.0,0,0,0.0,0.0,0,0,0,0.0,11.47,21.38,1,0.0,0.0,0.0,0.0,0.0,0.97,36.42,0.0,0.0,0.0,0.0,0.97,36.42,0.0,0.0,0.0,183,131,0,0,0.0,0.0,7.26,1.36,0.0,0,7.26,0.0,0.0,0,0.0,0,0,0,1,3,3,939.95,1.0
12412,2,10,0,47.32,9.93,8.62,0,0.0,0,0,0,0,0.0,0,0,0,0.0,0,0,0.0,0.0,0,0,0,0.0,6.87,6.87,0,0.0,8.62,0.0,0.0,0.0,1.36,0.0,0.0,0.0,0.0,0.0,1.36,0.0,7.26,0.0,0.0,10,177,0,0,0.0,0.0,12.15,8.31,0.0,0,12.15,0.0,0.0,0,0.0,0,0,0,1,3,3,939.95,1.0
12412,3,10,0,69.2,21.88,20.46,0,0.0,0,0,0,0,0.0,0,0,0,0.0,0,0,0.0,0.0,0,0,0,0.0,11.62,11.62,0,0.0,20.46,0.0,0.0,0.0,8.31,0.0,0.0,0.0,0.0,0.0,8.31,0.0,12.15,0.0,0.0,35,181,0,0,0.0,0.0,9.78,0.37,0.0,0,9.78,0.0,0.0,0,0.0,0,0,0,1,3,3,939.95,1.0
12412,4,10,0,80.65,11.46,10.15,0,0.0,0,0,0,0,0.0,0,0,0,0.0,0,0,0.0,0.0,0,0,0,0.0,9.5,9.5,0,0.0,10.15,0.0,0.0,0.0,0.37,0.0,0.0,0.0,0.0,0.0,0.37,0.0,9.78,0.0,0.0,3,199,0,0,0.0,0.0,49.26,2.44,0.0,0,49.26,0.0,0.0,0,0.0,0,0,0,1,3,3,939.95,1.0
12412,5,10,0,133.72,53.07,51.7,0,0.0,0,0,0,0,0.0,0,0,0,0.0,0,0,0.0,0.0,0,0,0,0.0,38.55,48.15,0,0.0,51.7,0.0,0.0,0.0,2.44,0.0,0.0,0.0,0.0,0.0,2.44,0.0,49.26,0.0,0.0,13,162,0,0,0.0,0.0,7.71,2.02,0.0,0,7.71,0.0,0.0,0,0.0,0,0,0,1,3,3,939.95,1.0
12412,6,10,0,144.84,11.12,9.73,0,0.0,0,0,0,0,0.0,0,0,0,0.0,0,0,0.0,0.0,0,0,0,0.0,6.9,6.9,0,0.0,9.73,0.0,0.0,0.0,2.02,0.0,0.0,0.0,0.0,0.0,2.02,0.0,7.71,0.0,0.0,11,364,0,0,32.24,3.29,34.81,10.0,3.68,0,13.9,3.53,17.38,59,0.7021,3,3,1,1,3,3,939.95,0.0
12412,7,10,0,231.17,86.33,84.03,59,0.7021,27,31,31,-3,0.5254,3,3,1,6.24,1,0,4.58,5.5,0,0,0,0.0,11.87,30.7,0,0.0,14.58,14.58,32.24,6.970000000000001,10.0,0.0,3.68,32.24,3.29,3.68,10.0,0.0,13.9,3.53,17.38,34,626,0,0,0.0,7.57,21.7,1.17,1.61,0,5.69,16.02,0.0,16,0.4992,4,4,2,1,3,3,939.95,0.0
12412,8,10,0,265.72,34.55,32.05,16,0.4992,11,4,4,8,0.25,4,4,1,5.03,2,0,4.17,10.19,0,0,0,0.0,5.25,14.73,0,0.0,5.69,5.69,0.0,9.18,1.17,0.0,1.61,0.0,7.57,1.61,1.17,0.0,5.69,16.02,0.0,8,572,0,0,0.0,41.42,38.67,8.41,0.0,0,18.91,19.77,0.0,61,0.6893,2,2,1,1,3,3,939.95,0.0
12412,9,10,0,356.07,90.34,88.5,61,0.6893,47,14,14,33,0.2295,2,2,1,48.96,1,0,14.11,14.11,0,0,0,0.0,18.62,41.12,0,0.0,18.91,18.91,0.0,41.42,8.41,0.0,0.0,0.0,41.42,0.0,8.41,0.0,18.91,19.77,0.0,49,703,0,0,0.0,41.6,33.01,1.06,5.33,0,3.31,29.7,0.0,62,0.7654,4,4,4,1,3,3,939.95,0.0
12412,10,10,0,439.39,83.33,81.0,62,0.7654,35,25,25,10,0.4032,4,4,1,4.89,4,0,3.85,4.33,0,0,0,0.0,8.42,36.67,0,0.0,3.31,3.31,0.0,46.93,1.06,0.0,5.33,0.0,41.6,5.33,1.06,0.0,3.31,29.7,0.0,195,566,0,0,0.0,8.93,489.69,0.0,0.0,0,6.41,483.28,0.0,22,0.0441,4,0,0,1,3,3,939.95,
12414,1,1,1,605.24,0.0,605.24,464,0.7666,312,148,148,164,0.319,12,12,1,26.12,11,0,20.0,25.08,0,0,0,0.0,49.46,381.16,0,0.0,0.0,0.0,159.42,105.12,6.83,49.65,42.31,159.42,62.81,42.31,6.83,49.65,0.0,234.65,49.57,22,169,0,0,0.0,2.75,347.99,2.47,0.0,0,340.73,7.26,0.0,5,0.0142,1,0,0,1,3,3,959.66,
12415,1,7,1,52.38,0.0,52.38,0,0.0,0,0,0,0,0.0,0,0,0,0.0,0,0,0.0,0.0,0,0,0,0.0,13.77,39.38,0,0.0,0.0,0.0,0.0,0.0,0.99,51.39,0.0,0.0,0.0,0.0,0.99,51.39,0.0,0.0,0.0,183,159,0,0,0.0,0.0,10.26,21.32,0.0,0,10.26,0.0,0.0,0,0.0,0,0,0,1,3,3,948.66,1.0
12415,2,7,0,85.88,33.5,31.58,0,0.0,0,0,0,0,0.0,0,0,0,0.0,0,0,0.0,0.0,0,0,0,0.0,9.24,9.24,0,0.0,31.58,0.0,0.0,0.0,21.32,0.0,0.0,0.0,0.0,0.0,21.32,0.0,10.26,0.0,0.0,52,305,0,0,82.57,33.95,138.39,8.2,0.0,0,5.59,15.91,116.89,214,0.8134,2,1,0,1,3,3,948.66,0.0
12415,3,7,0,350.35,264.48,263.11,214,0.8134,184,28,28,156,0.1308,2,1,1,49.92,0,0,0.0,0.0,1,1,0,7.51,23.46,141.2,0,0.0,5.59,5.59,82.57,33.95,8.2,0.0,0.0,82.57,33.95,0.0,8.2,0.0,5.59,15.91,116.89,41,264,0,3,0.0,3.98,8.49,2.85,2.71,0,8.49,0.0,0.0,15,0.8323,1,1,0,1,3,3,948.66,0.0
12415,4,7,0,371.14,20.79,18.02,15,0.8323,15,0,0,15,0.0,1,1,1,0.0,0,0,0.0,0.0,0,0,0,0.0,7.79,7.79,0,0.0,8.49,8.49,0.0,6.6899999999999995,2.85,0.0,2.71,0.0,3.98,2.71,2.85,0.0,8.49,0.0,0.0,15,238,0,3,0.0,5.11,22.56,1.12,0.0,0,12.48,10.08,0.0,10,0.3473,0,0,0,1,3,3,948.66,0.0
12415,5,7,0,401.45,30.31,28.79,10,0.3473,10,0,0,10,0.0,0,0,0,0.0,0,0,0.0,0.0,0,0,0,0.0,11.21,18.28,0,0.0,12.48,12.48,0.0,5.11,1.12,0.0,0.0,0.0,5.11,0.0,1.12,0.0,12.48,10.08,0.0,4,324,0,3,0.0,0.0,5.37,2.71,2.33,0,5.37,0.0,0.0,0,0.0,1,1,0,1,3,3,948.66,0.0
12415,6,7,0,413.36,11.91,10.41,0,0.0,0,0,0,0,0.0,1,1,1,0.0,0,0,0.0,0.0,0,0,0,0.0,5.37,5.37,0,0.0,5.37,0.0,0.0,2.33,2.71,0.0,2.33,0.0,0.0,2.33,2.71,0.0,5.37,0.0,0.0,12,476,0,3,0.0,9.82,15.13,1.85,2.31,0,7.17,7.97,0.0,20,0.6869,1,1,0,1,3,3,948.66,0.0
12415,7,7,0,445.09,31.73,29.12,20,0.6869,10,10,10,0,0.5,1,1,1,0.0,0,0,0.0,0.0,0,0,0,0.0,7.97,14.5,0,0.0,7.17,7.17,0.0,12.13,1.85,0.0,2.31,0.0,9.82,2.31,1.85,0.0,7.17,7.97,0.0,5,439,0,3,0.0,1.9,479.77,0.0,19.37,0,12.64,6.43,460.69,15,0.0299,2,0,0,1,3,3,948.66,
12416,1,7,1,110.48,0.0,110.48,75,0.6789,71,2,2,69,0.0267,2,2,1,19.03,1,0,17.75,17.75,0,0,0,0.0,11.81,57.63,1,0.0,0.0,0.0,34.32,1.27,2.02,41.18,0.0,34.32,1.27,0.0,2.02,41.18,0.0,8.73,22.96,377,236,0,0,0.0,14.31,26.19,0.24,0.0,0,11.68,14.51,0.0,53,1.3008,1,1,1,1,3,3,977.79,0.0
12416,2,7,0,152.59,42.11,40.74,53,1.3008,46,5,5,41,0.0943,1,1,1,0.0,1,0,9.48,9.48,0,0,0,0.0,8.7,19.61,0,0.0,11.68,11.68,0.0,14.31,0.24,0.0,0.0,0.0,14.31,0.0,0.24,0.0,11.68,14.51,0.0,129,266,0,0,0.0,0.0,12.74,15.47,0.0,0,12.74,0.0,0.0,0,0.0,0,0,0,1,3,3,977.79,1.0
12416,3,7,0,182.12,29.53,28.21,0,0.0,0,0,0,0,0.0,0,0,0,0.0,0,0,0.0,0.0,0,0,0,0.0,8.59,11.97,0,0.0,28.21,0.0,0.0,0.0,15.47,0.0,0.0,0.0,0.0,0.0,15.47,0.0,12.74,0.0,0.0,81,200,0,0,0.0,28.35,15.0,0.32,0.0,0,4.76,10.25,0.0,45,1.0304,0,0,0,1,3,3,977.79,0.0
12416,4,7,0,227.38,45.26,43.67,45,1.0304,30,6,6,24,0.1333,0,0,0,0.0,0,0,0.0,0.0,0,0,0,0.0,5.9,14.09,0,0.0,4.76,4.76,0.0,28.35,0.32,0.0,0.0,0.0,28.35,0.0,0.32,0.0,4.76,10.25,0.0,172,263,0,0,0.0,13.98,61.59,0.22,0.0,0,39.73,21.86,0.0,35,0.4618,2,2,2,1,3,3,977.79,0.0
12416,5,7,0,304.46,77.08,75.8,35,0.4618,21,8,8,13,0.2286,2,2,1,11.92,2,0,6.53,6.53,0,0,0,0.0,18.34,49.3,4,21.43,39.73,39.73,0.0,13.98,0.22,0.0,0.0,0.0,13.98,0.0,0.22,0.0,39.73,21.86,0.0,161,234,0,0,0.0,3.37,13.24,9.25,1.65,0,9.61,3.63,0.0,19,0.6909,1,1,0,1,3,3,977.79,0.0
12416,6,7,0,333.37,28.92,27.5,19,0.6909,17,0,0,17,0.0,1,1,1,0.0,0,0,0.0,0.0,0,0,0,0.0,9.41,13.22,0,0.0,9.61,9.61,0.0,5.02,9.25,0.0,1.65,0.0,3.37,1.65,9.25,0.0,9.61,3.63,0.0,661,214,0,0,0.0,14.45,9.04,5.88,0.0,0,9.04,0.0,0.0,24,0.8172,1,1,1,1,3,3,977.79,0.0
12416,7,7,0,364.11,30.74,29.37,24,0.8172,15,6,6,9,0.25,1,1,1,0.0,1,0,5.6,5.6,0,0,0,0.0,8.15,11.3,0,0.0,9.04,9.04,0.0,14.45,5.88,0.0,0.0,0.0,14.45,0.0,5.88,0.0,9.04,0.0,0.0,171,245,0,0,0.0,2.35,610.07,0.0,0.0,0,104.48,505.6,0.0,6,0.0098,1,0,0,1,3,3,977.79,
12419,1,1,1,351.29,0.0,351.29,242,0.6889,221,15,15,206,0.062,5,5,1,13.76,4,0,7.71,8.83,0,0,0,0.0,35.56,210.61,2,35.56,0.0,0.0,133.72,24.15,3.51,38.29,0.0,133.72,24.15,0.0,3.51,38.29,0.0,64.92,86.71,15,239,0,0,0.0,50.1,554.51,0.0,0.0,0,14.37,540.14,0.0,40,0.0662,2,1,1,1,3,3,958.17,
12421,1,3,1,117.65,0.0,117.65,47,0.3995,47,0,0,47,0.0,0,0,0,0.0,0,0,0.0,0.0,0,0,0,0.0,8.51,62.46,10,23.53,0.0,0.0,23.05,0.0,9.8,54.17,0.0,23.05,0.0,0.0,9.8,54.17,0.0,0.0,30.63,36,164,0,0,88.91,10.91,56.74,0.48,1.56,0,6.11,32.94,17.69,133,0.8386,4,3,3,1,3,3,373.56,0.0
12421,2,3,0,277.51,159.87,158.6,133,0.8386,110,18,18,93,0.1353,4,3,1,13.66,3,0,9.82,15.5,0,0,0,0.0,13.42,47.7,20,30.47,6.11,6.11,88.91,12.47,0.48,0.0,1.56,88.91,10.91,1.56,0.48,0.0,6.11,32.94,17.69,184,196,3,3,0.0,0.0,4.32,4.98,0.0,0,4.32,0.0,0.0,0,0.0,0,0,0,1,3,3,373.56,1.0
12421,3,3,0,287.98,10.47,9.3,0,0.0,0,0,0,0,0.0,0,0,0,0.0,0,0,0.0,0.0,0,0,0,0.0,4.18,4.18,0,0.0,9.3,0.0,0.0,0.0,4.98,0.0,0.0,0.0,0.0,0.0,4.98,0.0,4.32,0.0,0.0,32,365,3,3,0.0,0.0,84.24,0.0,0.0,0,84.24,0.0,0.0,2,0.0237,0,0,0,1,3,3,373.56,
12422,1,3,1,34.13,0.0,34.13,0,0.0,0,0,0,0,0.0,0,0,0,0.0,0,0,0.0,0.0,0,0,0,0.0,8.63,21.57,0,0.0,0.0,0.0,0.0,0.0,0.93,33.2,0.0,0.0,0.0,0.0,0.93,33.2,0.0,0.0,0.0,183,76,0,0,0.0,0.0,20.03,6.56,0.0,0,20.03,0.0,0.0,0,0.0,0,0,0,1,3,3,931.74,1.0
12422,2,3,0,62.89,28.76,26.59,0,0.0,0,0,0,0,0.0,0,0,0,0.0,0,0,0.0,0.0,0,0,0,0.0,19.18,19.18,0,0.0,26.59,0.0,0.0,0.0,6.56,0.0,0.0,0.0,0.0,0.0,6.56,0.0,20.03,0.0,0.0,14,192,0,0,0.0,0.0,7.96,18.01,0.0,0,7.96,0.0,0.0,0,0.0,0,0,0,1,3,3,931.74,1.0
12422,3,3,0,90.63,27.74,25.97,0,0.0,0,0,0,0,0.0,0,0,0,0.0,0,0,0.0,0.0,0,0,0,0.0,7.33,10.96,0,0.0,25.97,0.0,0.0,0.0,18.01,0.0,0.0,0.0,0.0,0.0,18.01,0.0,7.96,0.0,0.0,47,643,0,0,1.38,0.0,837.65,0.0,0.0,0,66.01,0.0,771.64,1,0.0012,1,0,0,1,3,3,931.74,
12423,1,2,1,305.6,0.0,305.6,186,0.6086,165,17,17,148,0.0914,1,1,1,0.0,1,0,58.25,58.25,0,0,0,0.0,35.55,195.39,14,91.99,0.0,0.0,99.42,0.0,0.33,62.17,0.0,99.42,0.0,0.0,0.33,62.17,0.0,0.0,143.67,172,132,0,0,0.0,0.0,31.46,2.32,0.0,0,31.46,0.0,0.0,0,0.0,0,0,0,1,3,3,962.99,1.0
12423,2,2,0,340.65,35.05,33.78,0,0.0,0,0,0,0,0.0,0,0,0,0.0,0,0,0.0,0.0,0,0,0,0.0,15.63,27.87,2,15.63,33.78,0.0,0.0,0.0,2.32,0.0,0.0,0.0,0.0,0.0,2.32,0.0,31.46,0.0,0.0,16,275,0,0,0.0,1.34,618.21,0.0,0.0,0,75.34,542.87,0.0,1,0.0016,1,0,0,1,3,3,962.99,
12424,1,3,1,215.51,0.0,215.51,162,0.7517,148,10,10,138,0.0617,2,1,1,17.77,1,0,14.1,14.1,0,0,0,0.0,25.1,118.03,0,0.0,0.0,0.0,77.73,3.66,17.82,47.94,0.0,77.73,3.66,0.0,17.82,47.94,0.0,29.1,39.26,21,168,3,3,0.0,0.0,46.55,4.83,0.0,0,46.55,0.0,0.0,0,0.0,0,0,0,1,3,3,927.94,1.0
12424,2,3,0,268.12,52.62,51.38,0,0.0,0,0,0,0,0.0,0,0,0,0.0,0,0,0.0,0.0,0,0,0,0.0,46.12,46.12,0,0.0,51.38,0.0,0.0,0.0,4.83,0.0,0.0,0.0,0.0,0.0,4.83,0.0,46.55,0.0,0.0,34,282,3,3,0.0,0.0,32.35,17.09,0.0,0,32.35,0.0,0.0,0,0.0,0,0,0,1,3,3,927.94,1.0
12424,3,3,0,318.66,50.54,49.45,0,0.0,0,0,0,0,0.0,0,0,0,0.0,0,0,0.0,0.0,0,0,0,0.0,31.85,31.85,0,0.0,49.45,0.0,0.0,0.0,17.09,0.0,0.0,0.0,0.0,0.0,17.09,0.0,32.35,0.0,0.0,58,362,3,3,14.8,0.0,588.71,0.0,3.71,0,18.66,0.0,570.05,37,0.0609,5,0,0,1,3,3,927.94,
12426,1,1,1,100.1,0.0,100.1,0,0.0,0,0,0,0,0.0,0,0,0,0.0,0,0,0.0,0.0,0,0,0,0.0,46.81,85.7,0,0.0,0.0,0.0,0.0,0.0,2.19,97.91,0.0,0.0,0.0,0.0,2.19,97.91,0.0,0.0,0.0,288,174,0,0,15.73,0.0,831.11,0.0,0.0,0,42.37,0.0,788.75,9,0.0106,1,0,0,1,3,3,948.12,
12427,1,2,1,560.55,0.0,560.55,396,0.7065,314,78,78,236,0.197,4,4,1,18.0,4,0,12.79,14.0,0,0,0,0.0,77.05,379.72,8,25.75,0.0,0.0,155.05,57.11,8.31,101.67,0.0,155.05,57.11,0.0,8.31,101.67,0.0,10.73,227.68,200,149,0,0,0.0,2.02,35.71,2.95,0.0,0,28.21,7.5,0.0,1,0.0246,1,0,0,1,3,3,1012.47,0.0
12427,2,2,0,602.47,41.92,40.68,1,0.0246,1,0,0,1,0.0,1,0,0,0.0,0,0,0.0,0.0,0,0,0,0.0,11.46,26.78,4,12.36,28.21,28.21,0.0,2.02,2.95,0.0,0.0,0.0,2.02,0.0,2.95,0.0,28.21,7.5,0.0,16,222,3,3,0.0,0.0,408.87,0.0,0.0,0,408.87,0.0,0.0,0,0.0,0,0,0,1,3,3,1012.47,
12430,1,17,1,234.33,0.0,234.33,238,1.0157,183,47,47,137,0.1975,3,2,1,40.28,2,0,8.5,8.5,0,0,0,0.0,15.29,114.74,4,25.7,0.0,0.0,97.3,5.42,6.67,32.09,0.0,97.3,5.42,0.0,6.67,32.09,0.0,48.42,44.42,35,413,3,3,0.0,0.0,42.69,0.54,0.0,0,42.69,0.0,0.0,0,0.0,0,0,0,1,3,3,1007.59,1.0
12430,2,17,0,279.35,45.02,43.22,0,0.0,0,0,0,0,0.0,0,0,0,0.0,0,0,0.0,0.0,0,0,0,0.0,41.0,41.0,0,0.0,43.22,0.0,0.0,0.0,0.54,0.0,0.0,0.0,0.0,0.0,0.54,0.0,42.69,0.0,0.0,4,368,3,3,0.0,0.0,13.98,4.5,0.0,0,13.98,0.0,0.0,0,0.0,0,0,0,1,3,3,1007.59,1.0
12430,3,17,0,299.82,20.47,18.48,0,0.0,0,0,0,0,0.0,0,0,0,0.0,0,0,0.0,0.0,0,0,0,0.0,13.38,13.38,0,0.0,18.48,0.0,0.0,0.0,4.5,0.0,0.0,0.0,0.0,0.0,4.5,0.0,13.98,0.0,0.0,12,1128,3,3,0.0,0.0,17.48,9.79,0.0,0,17.48,0.0,0.0,0,0.0,0,0,0,1,3,3,1007.59,1.0
12430,4,17,0,330.99,31.17,27.27,0,0.0,0,0,0,0,0.0,0,0,0,0.0,0,0,0.0,0.0,0,0,0,0.0,17.04,17.04,0,0.0,27.27,0.0,0.0,0.0,9.79,0.0,0.0,0.0,0.0,0.0,9.79,0.0,17.48,0.0,0.0,46,1176,3,3,0.0,0.0,35.89,4.34,0.0,0,35.89,0.0,0.0,0,0.0,0,0,0,1,3,3,1007.59,1.0
12430,5,17,0,374.87,43.88,40.22,0,0.0,0,0,0,0,0.0,0,0,0,0.0,0,0,0.0,0.0,0,0,0,0.0,16.25,29.34,2,0.79,40.22,0.0,0.0,0.0,4.34,0.0,0.0,0.0,0.0,0.0,4.34,0.0,35.89,0.0,0.0,192,482,3,3,0.0,0.0,11.97,6.07,0.0,0,11.97,0.0,0.0,0,0.0,0,0,0,1,3,3,1007.59,1.0
12430,6,17,0,394.53,19.65,18.04,0,0.0,0,0,0,0,0.0,0,0,0,0.0,0,0,0.0,0.0,0,0,0,0.0,11.03,11.03,0,0.0,18.04,0.0,0.0,0.0,6.07,0.0,0.0,0.0,0.0,0.0,6.07,0.0,11.97,0.0,0.0,30,510,3,3,0.0,0.0,7.59,23.28,0.0,0,7.59,0.0,0.0,0,0.0,0,0,0,1,3,3,1007.59,1.0
12430,7,17,0,427.85,33.32,30.88,0,0.0,0,0,0,0,0.0,0,0,0,0.0,0,0,0.0,0.0,0,0,0,0.0,7.05,7.05,0,0.0,30.88,0.0,0.0,0.0,23.28,0.0,0.0,0.0,0.0,0.0,23.28,0.0,7.59,0.0,0.0,51,294,3,3,0.0,0.0,10.36,15.91,0.0,0,10.36,0.0,0.0,0,0.0,0,0,0,1,3,3,1007.59,1.0
12430,8,17,0,459.49,31.64,26.27,0,0.0,0,0,0,0,0.0,0,0,0,0.0,0,0,0.0,0.0,0,0,0,0.0,9.94,9.94,0,0.0,26.27,0.0,0.0,0.0,15.91,0.0,0.0,0.0,0.0,0.0,15.91,0.0,10.36,0.0,0.0,68,287,3,3,0.0,0.0,6.6,8.92,0.0,0,6.6,0.0,0.0,0,0.0,0,0,0,1,3,3,1007.59,1.0
12430,9,17,0,476.18,16.69,15.52,0,0.0,0,0,0,0,0.0,0,0,0,0.0,0,0,0.0,0.0,0,0,0,0.0,6.06,6.06,0,0.0,15.52,0.0,0.0,0.0,8.92,0.0,0.0,0.0,0.0,0.0,8.92,0.0,6.6,0.0,0.0,19,408,3,3,0.0,0.0,23.06,10.04,0.0,0,23.06,0.0,0.0,0,0.0,0,0,0,1,3,3,1007.59,1.0
12430,10,17,0,511.28,35.1,33.11,0,0.0,0,0,0,0,0.0,0,0,0,0.0,0,0,0.0,0.0,0,0,0,0.0,8.23,20.1,0,0.0,33.11,0.0,0.0,0.0,10.04,0.0,0.0,0.0,0.0,0.0,10.04,0.0,23.06,0.0,0.0,20,424,3,3,0.0,0.0,26.78,24.08,0.0,0,26.78,0.0,0.0,0,0.0,0,0,0,1,3,3,1007.59,1.0
12430,11,17,0,564.16,52.88,50.86,0,0.0,0,0,0,0,0.0,0,0,0,0.0,0,0,0.0,0.0,0,0,0,0.0,23.37,37.41,0,0.0,50.86,0.0,0.0,0.0,24.08,0.0,0.0,0.0,0.0,0.0,24.08,0.0,26.78,0.0,0.0,46,467,3,3,0.0,0.0,34.57,4.14,0.0,0,34.57,0.0,0.0,0,0.0,0,0,0,1,3,3,1007.59,1.0
12430,12,17,0,604.75,40.59,38.72,0,0.0,0,0,0,0,0.0,0,0,0,0.0,0,0,0.0,0.0,0,0,0,0.0,22.39,34.58,0,0.0,38.72,0.0,0.0,0.0,4.14,0.0,0.0,0.0,0.0,0.0,4.14,0.0,34.57,0.0,0.0,20,477,3,3,0.0,0.0,22.71,12.86,0.0,0,22.71,0.0,0.0,0,0.0,0,0,0,1,3,3,1007.59,1.0
12430,13,17,0,642.66,37.91,35.57,0,0.0,0,0,0,0,0.0,0,0,0,0.0,0,0,0.0,0.0,0,0,0,0.0,13.34,22.71,0,0.0,35.57,0.0,0.0,0.0,12.86,0.0,0.0,0.0,0.0,0.0,12.86,0.0,22.71,0.0,0.0,43,280,3,3,0.0,0.0,6.72,1.95,0.0,0,6.72,0.0,0.0,0,0.0,0,0,0,1,3,3,1007.59,1.0
12430,14,17,0,652.95,10.29,8.68,0,0.0,0,0,0,0,0.0,0,0,0,0.0,0,0,0.0,0.0,0,0,0,0.0,5.71,5.71,0,0.0,8.68,0.0,0.0,0.0,1.95,0.0,0.0,0.0,0.0,0.0,1.95,0.0,6.72,0.0,0.0,15,200,3,3,0.0,0.0,18.04,4.2,0.0,0,18.04,0.0,0.0,0,0.0,0,0,0,1,3,3,1007.59,1.0
12430,15,17,0,676.34,23.39,22.24,0,0.0,0,0,0,0,0.0,0,0,0,0.0,0,0,0.0,0.0,0,0,0,0.0,17.48,17.48,0,0.0,22.24,0.0,0.0,0.0,4.2,0.0,0.0,0.0,0.0,0.0,4.2,0.0,18.04,0.0,0.0,27,320,3,3,0.0,0.0,18.53,11.21,0.0,0,18.53,0.0,0.0,0,0.0,0,0,0,1,3,3,1007.59,1.0
12430,16,17,0,708.11,31.77,29.74,0,0.0,0,0,0,0,0.0,0,0,0,0.0,0,0,0.0,0.0,0,0,0,0.0,10.15,18.53,0,0.0,29.74,0.0,0.0,0.0,11.21,0.0,0.0,0.0,0.0,0.0,11.21,0.0,18.53,0.0,0.0,54,1128,3,3,0.0,0.0,22.59,2.81,0.0,0,22.59,0.0,0.0,0,0.0,0,0,0,1,3,3,1007.59,1.0
12430,17,17,0,736.54,28.43,25.4,0,0.0,0,0,0,0,0.0,0,0,0,0.0,0,0,0.0,0.0,0,0,0,0.0,21.54,21.54,0,0.0,25.4,0.0,0.0,0.0,2.81,0.0,0.0,0.0,0.0,0.0,2.81,0.0,22.59,0.0,0.0,13,1420,3,3,0.0,0.0,266.75,0.0,0.0,0,266.75,0.0,0.0,0,0.0,0,0,0,1,3,3,1007.59,
12431,1,7,1,52.69,0.0,52.69,18,0.3416,9,9,9,0,0.5,0,0,0,0.0,0,0,0.0,0.0,0,0,0,0.0,13.5,27.97,0,0.0,0.0,0.0,5.86,0.0,5.06,36.59,0.0,5.86,0.0,0.0,5.06,36.59,0.0,0.0,5.18,205,250,0,0,0.0,0.0,17.46,6.33,0.0,0,17.46,0.0,0.0,0,0.0,0,0,0,1,3,3,3495.5,1.0
12431,2,7,0,79.17,26.49,23.79,0,0.0,0,0,0,0,0.0,0,0,0,0.0,0,0,0.0,0.0,0,0,0,0.0,11.06,17.46,0,0.0,23.79,0.0,0.0,0.0,6.33,0.0,0.0,0.0,0.0,0.0,6.33,0.0,17.46,0.0,0.0,11,343,0,0,54.56,0.0,57.39,3.25,0.0,0,17.71,0.0,39.69,109,0.9461,0,0,0,1,3,3,3495.5,0.0
12431,3,7,0,196.29,117.12,115.21,109,0.9461,78,24,24,55,0.2202,0,0,0,0.0,0,0,0.0,0.0,0,0,0,0.0,14.74,49.74,4,29.15,17.71,17.71,54.56,0.0,3.25,0.0,0.0,54.56,0.0,0.0,3.25,0.0,17.71,0.0,39.69,16,399,0,0,105.26,22.02,228.41,13.93,22.77,0,5.77,26.72,195.92,208,0.5301,23,21,21,1,3,3,3495.5,0.0
12431,4,7,0,590.41,394.12,392.39,208,0.5301,172,29,29,144,0.1394,23,21,1,5.75,21,0,4.66,18.94,0,0,0,0.0,36.61,232.07,8,45.33,5.77,5.77,105.26,44.79,13.93,0.0,22.77,105.26,22.02,22.77,13.93,0.0,5.77,26.72,195.92,28,299,3,3,0.0,0.0,15.87,10.57,0.0,0,15.87,0.0,0.0,0,0.0,0,0,0,1,3,3,3495.5,1.0
12431,5,7,0,619.0,28.6,26.44,0,0.0,0,0,0,0,0.0,0,0,0,0.0,0,0,0.0,0.0,0,0,0,0.0,6.28,13.08,0,0.0,26.44,0.0,0.0,0.0,10.57,0.0,0.0,0.0,0.0,0.0,10.57,0.0,15.87,0.0,0.0,33,333,3,3,0.0,0.0,7.07,15.57,0.0,0,7.07,0.0,0.0,0,0.0,0,0,0,1,3,3,3495.5,1.0
12431,6,7,0,644.28,25.28,22.64,0,0.0,0,0,0,0,0.0,0,0,0,0.0,0,0,0.0,0.0,0,0,0,0.0,3.84,3.84,0,0.0,22.64,0.0,0.0,0.0,15.57,0.0,0.0,0.0,0.0,0.0,15.57,0.0,7.07,0.0,0.0,39,413,3,3,0.0,0.0,8.74,20.67,0.0,0,8.74,0.0,0.0,0,0.0,0,0,0,1,3,3,3495.5,1.0
12431,7,7,0,675.53,31.25,29.41,0,0.0,0,0,0,0,0.0,0,0,0,0.0,0,0,0.0,0.0,0,0,0,0.0,4.73,8.74,0,0.0,29.41,0.0,0.0,0.0,20.67,0.0,0.0,0.0,0.0,0.0,20.67,0.0,8.74,0.0,0.0,64,498,3,3,0.0,0.0,2817.96,0.0,0.0,0,2817.96,0.0,0.0,0,0.0,0,0,0,1,3,3,3495.5,
12432,1,4,1,304.96,0.0,304.96,210,0.6886,179,27,27,152,0.1286,3,2,1,19.35,2,0,14.4,14.4,0,0,0,0.0,41.73,147.62,10,19.03,0.0,0.0,125.49,9.87,17.06,40.76,0.0,125.49,9.87,0.0,17.06,40.76,0.0,60.36,51.41,51,415,3,3,0.0,0.0,16.8,37.3,0.0,0,16.8,0.0,0.0,0,0.0,0,0,0,1,3,3,931.34,1.0
12432,2,4,0,360.7,55.74,54.1,0,0.0,0,0,0,0,0.0,0,0,0,0.0,0,0,0.0,0.0,0,0,0,0.0,16.22,16.22,0,0.0,54.1,0.0,0.0,0.0,37.3,0.0,0.0,0.0,0.0,0.0,37.3,0.0,16.8,0.0,0.0,132,1335,3,3,0.0,0.0,67.43,70.19,0.0,0,67.43,0.0,0.0,0,0.0,0,0,0,1,3,3,931.34,1.0
12432,3,4,0,502.87,142.17,137.63,0,0.0,0,0,0,0,0.0,0,0,0,0.0,0,0,0.0,0.0,0,0,0,0.0,62.83,88.71,0,0.0,137.63,0.0,0.0,0.0,70.19,0.0,0.0,0.0,0.0,0.0,70.19,0.0,67.43,0.0,0.0,124,1049,3,3,0.0,0.0,97.82,13.56,0.0,0,97.82,0.0,0.0,0,0.0,0,0,0,1,3,3,931.34,1.0
12432,4,4,0,623.14,120.27,111.37,0,0.0,0,0,0,0,0.0,0,0,0,0.0,0,0,0.0,0.0,0,0,0,0.0,54.91,97.82,0,0.0,111.37,0.0,0.0,0.0,13.56,0.0,0.0,0.0,0.0,0.0,13.56,0.0,97.82,0.0,0.0,49,1211,3,3,0.0,0.0,303.04,0.0,0.0,0,303.04,0.0,0.0,0,0.0,0,0,0,1,3,3,931.34,
12433,1,1,1,278.04,0.0,278.04,137,0.4927,128,6,6,123,0.0438,2,2,1,6.32,2,0,14.89,26.65,0,0,0,0.0,59.44,143.88,50,114.28,0.0,0.0,99.86,6.33,0.31,121.64,6.33,99.86,0.0,6.33,0.31,121.64,0.0,25.86,24.04,33,178,0,0,0.0,21.21,221.01,0.0,412.58,0,21.13,147.28,52.6,28,0.0428,13,11,11,1,3,3,934.24,
12435,1,4,1,122.63,0.0,122.63,82,0.6687,77,2,2,75,0.0244,0,0,0,0.0,0,0,0.0,0.0,0,0,0,0.0,20.06,69.5,0,0.0,0.0,0.0,30.95,0.0,10.68,52.59,0.0,30.95,0.0,0.0,10.68,52.59,0.0,0.0,28.41,128,204,0,0,72.17,0.0,64.33,0.33,0.0,0,9.74,0.0,54.58,131,0.9574,1,1,1,0,0,0,958.02,0.0
12435,2,4,0,262.09,139.46,136.83,131,0.9574,97,29,29,68,0.2214,1,1,1,0.0,1,0,17.09,17.09,0,0,0,0.0,10.74,54.42,0,0.0,9.74,9.74,72.17,0.0,0.33,0.0,0.0,72.17,0.0,0.0,0.33,0.0,9.74,0.0,54.58,144,468,0,0,0.0,3.56,12.12,3.9,0.0,0,12.12,0.0,0.0,2,0.1021,0,0,0,0,0,0,958.02,0.0
12435,3,4,0,283.72,21.62,19.59,2,0.1021,2,0,0,2,0.0,0,0,0,0.0,0,0,0.0,0.0,0,0,0,0.0,10.21,10.21,0,0.0,12.12,12.12,0.0,3.56,3.9,0.0,0.0,0.0,3.56,0.0,3.9,0.0,12.12,0.0,0.0,20,274,0,0,0.0,183.95,346.56,0.74,22.85,0,10.49,336.07,0.0,353,0.6371,25,25,25,0,0,0,958.02,0.0
12435,4,4,0,838.95,555.23,554.1,353,0.6371,302,42,42,260,0.119,25,25,1,11.62,25,0,8.86,25.13,0,0,0,0.0,86.63,349.68,0,0.0,10.49,10.49,0.0,206.79999999999998,0.74,0.0,22.85,0.0,183.95,22.85,0.74,0.0,10.49,336.07,0.0,283,314,0,0,0.0,33.24,79.35,0.0,4.51,0,8.95,70.41,0.0,22,0.1879,20,12,10,0,0,0,958.02,
12437,1,7,1,327.39,0.0,327.39,202,0.617,187,10,10,177,0.0495,3,3,1,52.77,2,0,43.22,43.22,0,0,0,0.0,41.9,209.31,24,78.43,0.0,0.0,75.04,12.13,5.73,59.08,0.0,75.04,12.13,0.0,5.73,59.08,0.0,93.79,81.63,24,227,0,0,0.0,0.0,63.47,12.15,0.0,0,63.47,0.0,0.0,0,0.0,0,0,0,0,0,0,959.42,1.0
12437,2,7,0,404.09,76.7,75.61,0,0.0,0,0,0,0,0.0,0,0,0,0.0,0,0,0.0,0.0,0,0,0,0.0,45.8,57.79,4,46.95,75.61,0.0,0.0,0.0,12.15,0.0,0.0,0.0,0.0,0.0,12.15,0.0,63.47,0.0,0.0,42,237,0,0,0.0,18.74,78.19,6.23,0.0,0,23.29,54.9,0.0,34,0.3296,2,2,1,0,0,0,959.42,0.0
12437,3,7,0,508.57,104.48,103.15,34,0.3296,34,0,0,34,0.0,2,2,1,42.39,1,0,28.04,28.04,0,0,0,0.0,27.24,79.07,0,0.0,23.29,23.29,0.0,18.74,6.23,0.0,0.0,0.0,18.74,0.0,6.23,0.0,23.29,54.9,0.0,24,228,0,0,0.0,5.37,20.37,2.44,0.0,0,8.45,11.92,0.0,4,0.1419,1,1,0,0,0,0,959.42,0.0
12437,4,7,0,538.12,29.55,28.18,4,0.1419,4,0,0,4,0.0,1,1,1,0.0,0,0,0.0,0.0,0,0,0,0.0,9.4,16.82,0,0.0,8.45,8.45,0.0,5.37,2.44,0.0,0.0,0.0,5.37,0.0,2.44,0.0,8.45,11.92,0.0,15,288,0,0,0.0,1.43,51.26,2.51,0.0,0,40.63,10.62,0.0,2,0.0362,1,1,0,0,0,0,959.42,0.0
12437,5,7,0,595.33,57.22,55.19,2,0.0362,0,1,1,-1,0.5,1,1,1,0.0,0,0,0.0,0.0,0,0,0,0.0,15.08,48.22,4,16.08,40.11,40.11,0.0,1.43,2.51,0.0,0.0,0.0,1.43,0.0,2.51,0.0,40.63,10.62,0.0,16,335,0,0,0.0,19.14,29.27,4.91,0.0,0,24.41,4.86,0.0,54,1.0128,2,2,1,0,0,0,959.42,0.0
12437,6,7,0,652.87,57.54,53.32,54,1.0128,38,15,15,23,0.2778,2,2,1,18.3,1,0,4.85,4.85,0,0,0,0.0,23.86,27.77,0,0.0,23.86,23.86,0.0,19.14,4.91,0.0,0.0,0.0,19.14,0.0,4.91,0.0,24.41,4.86,0.0,15,368,0,0,0.0,1.44,43.41,3.72,0.0,0,19.83,23.58,0.0,1,0.0206,1,1,0,0,0,0,959.42,0.0
12437,7,7,0,703.82,50.95,48.57,1,0.0206,1,0,0,1,0.0,1,1,1,0.0,0,0,0.0,0.0,0,0,0,0.0,22.19,40.76,0,0.0,19.83,19.83,0.0,1.44,3.72,0.0,0.0,0.0,1.44,0.0,3.72,0.0,19.83,23.58,0.0,9,478,0,0,0.0,2.4,251.2,0.0,0.0,0,19.73,231.47,0.0,4,0.0158,1,1,0,0,0,0,959.42,
12439,1,1,1,227.4,0.0,227.4,132,0.5805,95,33,33,63,0.25,1,1,1,0.0,0,0,0.0,0.0,0,0,0,0.0,24.47,128.03,2,0.85,0.0,0.0,62.46,0.0,42.23,41.35,0.0,62.46,0.0,0.0,42.23,41.35,0.0,0.0,81.37,65,223,0,0,0.0,83.48,1094.86,0.0,0.0,0,30.45,1064.41,0.0,158,0.1341,1,0,0,1,3,3,1406.79,
12440,1,4,1,92.88,0.0,92.88,33,0.3553,25,7,7,18,0.2121,0,0,0,0.0,0,0,0.0,0.0,0,0,0,0.0,27.33,60.81,0,0.0,0.0,0.0,17.1,0.0,7.82,60.0,0.0,17.1,0.0,0.0,7.82,60.0,0.0,0.0,7.95,30,204,0,0,85.82,6.19,107.84,5.69,1.74,0,39.33,15.0,53.5,151,0.7285,3,3,1,0,0,0,937.93,0.0
12440,2,4,0,301.6,208.72,207.28,151,0.7285,140,9,9,131,0.0596,3,3,1,14.67,1,0,11.42,21.11,0,0,0,0.0,22.14,102.18,20,47.7,39.33,39.33,85.82,7.930000000000001,5.69,0.0,1.74,85.82,6.19,1.74,5.69,0.0,39.33,15.0,53.5,35,265,0,0,0.0,44.59,82.74,12.77,0.0,0,14.27,68.47,0.0,52,0.3712,4,4,3,0,0,0,937.93,0.0
12440,3,4,0,443.69,142.09,140.1,52,0.3712,45,6,6,39,0.1154,4,4,1,33.39,3,0,19.44,19.44,0,0,0,0.0,34.15,72.57,4,2.64,14.27,14.27,0.0,44.59,12.77,0.0,0.0,0.0,44.59,0.0,12.77,0.0,14.27,68.47,0.0,46,210,0,0,0.0,12.5,8.79,1.99,0.0,0,8.79,0.0,0.0,6,0.2577,1,1,0,0,0,0,937.93,0.0
12440,4,4,0,468.47,24.78,23.28,6,0.2577,4,2,2,2,0.3333,1,1,1,0.0,0,0,0.0,0.0,0,0,0,0.0,8.33,11.68,0,0.0,8.79,8.79,0.0,12.5,1.99,0.0,0.0,0.0,12.5,0.0,1.99,0.0,8.79,0.0,0.0,13,248,0,0,0.0,11.06,456.88,0.0,0.0,0,9.6,447.28,0.0,19,0.0406,1,1,0,0,0,0,937.93,
12444,1,6,1,76.59,0.0,76.59,0,0.0,0,0,0,0,0.0,0,0,0,0.0,0,0,0.0,0.0,0,0,0,0.0,24.55,54.09,0,0.0,0.0,0.0,0.0,0.0,16.76,59.84,0.0,0.0,0.0,0.0,16.76,59.84,0.0,0.0,0.0,39,123,0,0,0.0,0.0,8.19,4.63,0.0,0,8.19,0.0,0.0,0,0.0,0,0,0,1,3,3,981.11,1.0
12444,2,6,0,90.55,13.96,12.83,0,0.0,0,0,0,0,0.0,0,0,0,0.0,0,0,0.0,0.0,0,0,0,0.0,7.15,7.15,0,0.0,12.83,0.0,0.0,0.0,4.63,0.0,0.0,0.0,0.0,0.0,4.63,0.0,8.19,0.0,0.0,12,253,0,0,15.31,9.53,124.35,9.64,0.0,0,60.99,0.0,63.36,34,0.2141,1,1,1,1,3,3,981.11,0.0
12444,3,6,0,250.92,160.37,158.82,34,0.2141,32,0,0,32,0.0,1,1,1,0.0,1,0,5.96,5.96,0,0,0,0.0,46.42,118.74,10,81.82,60.99,60.99,15.31,9.53,9.64,0.0,0.0,15.31,9.53,0.0,9.64,0.0,60.99,0.0,63.36,19,341,0,0,0.0,49.84,59.27,8.31,0.0,0,7.83,51.44,0.0,76,0.6472,1,1,0,1,3,3,981.11,0.0
12444,4,6,0,369.82,118.9,117.42,76,0.6472,75,1,1,74,0.0132,1,1,1,0.0,0,0,0.0,0.0,0,0,0,0.0,9.55,58.94,10,16.68,7.83,7.83,0.0,49.84,8.31,0.0,0.0,0.0,49.84,0.0,8.31,0.0,7.83,51.44,0.0,12,336,0,0,0.0,0.0,9.49,5.12,0.0,0,9.49,0.0,0.0,0,0.0,0,0,0,1,3,3,981.11,1.0
12444,5,6,0,386.28,16.45,14.61,0,0.0,0,0,0,0,0.0,0,0,0,0.0,0,0,0.0,0.0,0,0,0,0.0,8.66,8.66,0,0.0,14.61,0.0,0.0,0.0,5.12,0.0,0.0,0.0,0.0,0.0,5.12,0.0,9.49,0.0,0.0,12,364,0,0,0.0,14.84,21.68,1.28,0.0,0,10.45,11.23,0.0,29,0.767,0,0,0,1,3,3,981.11,0.0
12444,6,6,0,426.42,40.14,37.81,29,0.767,23,4,4,19,0.1379,0,0,0,0.0,0,0,0.0,0.0,0,0,0,0.0,9.69,18.46,0,0.0,10.45,10.45,0.0,14.84,1.28,0.0,0.0,0.0,14.84,0.0,1.28,0.0,10.45,11.23,0.0,90,367,0,0,0.0,33.6,140.38,0.0,374.27,0,13.51,13.99,112.88,58,0.1058,3,0,0,1,3,3,981.11,
12447,1,4,1,213.43,0.0,213.43,137,0.6419,121,16,16,105,0.1168,0,0,0,0.0,0,0,0.0,0.0,0,0,0,0.0,17.65,99.23,12,23.39,0.0,0.0,57.67,0.0,39.68,50.81,0.0,57.67,0.0,0.0,39.68,50.81,0.0,0.0,65.25,75,302,0,0,8.91,0.0,54.61,22.27,0.0,0,7.44,0.0,47.16,15,0.1748,1,1,0,1,3,3,972.98,0.0
12447,2,4,0,301.12,87.69,85.79,15,0.1748,9,6,6,3,0.4,1,1,1,0.0,0,0,0.0,0.0,0,0,0,0.0,25.28,59.3,2,11.15,7.44,7.44,8.91,0.0,22.27,0.0,0.0,8.91,0.0,0.0,22.27,0.0,7.44,0.0,47.16,42,435,0,0,0.0,78.04,206.72,12.73,39.24,0,7.87,198.85,0.0,131,0.389,12,12,11,1,3,3,972.98,0.0
12447,3,4,0,639.61,338.5,336.73,131,0.389,76,50,50,26,0.3817,12,12,1,28.16,11,0,19.69,34.74,0,0,0,0.0,24.32,215.21,14,84.93,7.87,7.87,0.0,117.28,12.73,0.0,39.24,0.0,78.04,39.24,12.73,0.0,7.87,198.85,0.0,183,534,0,0,0.0,21.96,76.3,24.44,0.0,0,9.74,66.56,0.0,54,0.4401,1,1,0,1,3,3,972.98,0.0
12447,4,4,0,764.79,125.18,122.7,54,0.4401,32,21,21,11,0.3889,1,1,1,0.0,0,0,0.0,0.0,0,0,0,0.0,34.59,71.8,0,0.0,8.9,8.9,0.0,21.96,24.44,0.0,0.0,0.0,21.96,0.0,24.44,0.0,9.74,66.56,0.0,66,647,0,0,0.0,25.97,179.65,0.0,0.0,0,7.37,172.28,0.0,45,0.2188,2,1,1,1,3,3,972.98,
12449,1,2,1,78.56,0.0,78.56,22,0.2801,20,2,2,18,0.0909,0,0,0,0.0,0,0,0.0,0.0,0,0,0,0.0,10.65,50.07,0,0.0,0.0,0.0,13.67,0.0,7.37,50.07,0.0,13.67,0.0,0.0,7.37,50.07,0.0,0.0,7.45,14,120,0,0,0.0,0.0,8.26,14.72,0.0,0,8.26,0.0,0.0,0,0.0,0,0,0,1,3,3,960.57,1.0
12449,2,2,0,102.58,24.02,22.98,0,0.0,0,0,0,0,0.0,0,0,0,0.0,0,0,0.0,0.0,0,0,0,0.0,6.15,6.15,0,0.0,22.98,0.0,0.0,0.0,14.72,0.0,0.0,0.0,0.0,0.0,14.72,0.0,8.26,0.0,0.0,34,159,0,0,74.04,23.29,223.91,0.0,535.75,0,31.43,55.36,137.12,139,0.1622,8,6,6,1,3,3,960.57,
12451,1,8,1,88.59,0.0,88.59,0,0.0,0,0,0,0,0.0,0,0,0,0.0,0,0,0.0,0.0,0,0,0,0.0,22.32,74.43,0,0.0,0.0,0.0,0.0,0.0,6.42,82.17,0.0,0.0,0.0,0.0,6.42,82.17,0.0,0.0,0.0,23,204,0,0,0.0,0.0,13.22,5.46,0.0,0,13.22,0.0,0.0,0,0.0,0,0,0,0,0,0,964.56,1.0
12451,2,8,0,108.41,19.82,18.68,0,0.0,0,0,0,0,0.0,0,0,0,0.0,0,0,0.0,0.0,0,0,0,0.0,9.3,13.22,0,0.0,18.68,0.0,0.0,0.0,5.46,0.0,0.0,0.0,0.0,0.0,5.46,0.0,13.22,0.0,0.0,19,239,0,0,0.0,0.0,18.43,12.32,0.0,0,18.43,0.0,0.0,0,0.0,0,0,0,0,0,0,964.56,1.0
12451,3,8,0,140.66,32.25,30.75,0,0.0,0,0,0,0,0.0,0,0,0,0.0,0,0,0.0,0.0,0,0,0,0.0,17.43,17.43,0,0.0,30.75,0.0,0.0,0.0,12.32,0.0,0.0,0.0,0.0,0.0,12.32,0.0,18.43,0.0,0.0,15,295,0,0,0.0,0.0,31.37,74.56,0.0,0,31.37,0.0,0.0,0,0.0,0,0,0,0,0,0,964.56,1.0
12451,4,8,0,249.01,108.35,105.93,0,0.0,0,0,0,0,0.0,0,0,0,0.0,0,0,0.0,0.0,0,0,0,0.0,25.25,83.52,0,0.0,105.93,0.0,0.0,0.0,74.56,0.0,0.0,0.0,0.0,0.0,74.56,0.0,31.37,0.0,0.0,36,271,0,0,15.54,0.0,66.78,28.47,0.0,0,51.37,0.0,15.41,30,0.2708,0,0,0,0,0,0,964.56,0.0
12451,5,8,0,360.92,111.9,110.79,30,0.2708,27,3,3,24,0.1,0,0,0,0.0,0,0,0.0,0.0,0,0,0,0.0,21.61,81.66,0,0.0,51.37,51.37,15.54,0.0,28.47,0.0,0.0,15.54,0.0,0.0,28.47,0.0,51.37,0.0,15.41,63,641,0,0,7.05,0.0,75.28,11.34,0.0,0,19.67,0.0,55.61,20,0.2135,0,0,0,0,0,0,964.56,0.0
12451,6,8,0,456.9,95.98,93.66,20,0.2135,12,7,7,5,0.35,0,0,0,0.0,0,0,0.0,0.0,0,0,0,0.0,37.78,67.89,0,0.0,19.67,19.67,7.05,0.0,11.34,0.0,0.0,7.05,0.0,0.0,11.34,0.0,19.67,0.0,55.61,35,696,0,0,0.0,0.0,20.41,3.19,0.0,0,20.41,0.0,0.0,0,0.0,0,0,0,0,0,0,964.56,1.0
12451,7,8,0,482.96,26.07,23.61,0,0.0,0,0,0,0,0.0,0,0,0,0.0,0,0,0.0,0.0,0,0,0,0.0,15.04,15.04,0,0.0,23.61,0.0,0.0,0.0,3.19,0.0,0.0,0.0,0.0,0.0,3.19,0.0,20.41,0.0,0.0,11,785,0,0,167.63,47.71,103.68,7.01,0.0,0,28.58,22.06,53.03,300,0.9201,2,2,1,0,0,0,964.56,0.0
12451,8,8,0,812.47,329.5,326.04,300,0.9201,236,57,57,179,0.19,2,2,1,81.75,1,0,15.87,15.87,0,0,0,0.0,12.5,157.29,0,0.0,26.19,26.19,167.63,47.71,7.01,0.0,0.0,167.63,47.71,0.0,7.01,0.0,28.58,22.06,53.03,22,1272,0,0,0.0,25.75,120.3,1.73,0.0,0,70.65,49.66,0.0,15,0.1015,1,1,1,0,0,0,964.56,
12452,1,1,1,377.63,0.0,377.63,218,0.5773,187,29,29,158,0.133,7,7,1,13.75,7,0,10.9,11.57,0,0,0,0.0,87.23,237.75,0,0.0,0.0,0.0,102.43,22.12,12.01,156.22,2.68,102.43,19.44,2.68,12.01,156.22,0.0,72.75,12.1,197,283,0,0,0.0,4.9,237.23,0.0,0.0,0,41.04,196.19,0.0,2,0.0083,2,1,1,1,3,3,621.31,
12454,1,1,1,599.55,0.0,599.55,232,0.387,199,26,26,173,0.1121,4,4,1,17.66,1,0,17.13,16.11,0,0,0,0.0,57.52,449.63,0,0.0,0.0,0.0,191.38,36.87,7.33,52.84,35.3,191.38,1.57,35.3,7.33,52.84,0.0,16.73,294.4,33,335,0,0,0.0,3.66,349.61,0.0,0.0,0,13.65,335.96,0.0,2,0.0057,1,0,0,1,3,3,954.92,
12460,1,5,1,84.12,0.0,84.12,74,0.8797,71,3,3,68,0.0405,0,0,0,0.0,0,0,0.0,0.0,0,0,0,0.0,12.36,30.79,0,0.0,0.0,0.0,44.27,0.0,5.25,34.6,0.0,44.27,0.0,0.0,5.25,34.6,0.0,0.0,0.0,31,96,0,0,0.0,0.0,7.98,4.36,0.0,0,7.98,0.0,0.0,0,0.0,0,0,0,1,3,3,847.28,1.0
12460,2,5,0,97.6,13.48,12.34,0,0.0,0,0,0,0,0.0,0,0,0,0.0,0,0,0.0,0.0,0,0,0,0.0,5.36,5.36,0,0.0,12.34,0.0,0.0,0.0,4.36,0.0,0.0,0.0,0.0,0.0,4.36,0.0,7.98,0.0,0.0,26,297,0,0,9.4,23.82,92.85,6.4,0.0,0,18.35,30.85,43.64,77,0.5812,2,2,1,1,3,3,847.28,0.0
12460,3,5,0,231.6,134.0,132.48,77,0.5812,77,0,0,77,0.0,2,2,1,47.39,1,0,19.8,19.8,0,0,0,0.0,17.57,92.47,0,0.0,18.35,18.35,9.4,23.82,6.4,0.0,0.0,9.4,23.82,0.0,6.4,0.0,18.35,30.85,43.64,40,172,0,0,0.0,0.0,20.97,4.08,0.0,0,20.97,0.0,0.0,0,0.0,0,0,0,1,3,3,847.28,1.0
12460,4,5,0,258.0,26.41,25.05,0,0.0,0,0,0,0,0.0,0,0,0,0.0,0,0,0.0,0.0,0,0,0,0.0,20.13,20.13,0,0.0,25.05,0.0,0.0,0.0,4.08,0.0,0.0,0.0,0.0,0.0,4.08,0.0,20.97,0.0,0.0,15,279,0,0,0.0,21.52,33.08,1.28,0.0,0,18.79,14.29,0.0,68,1.217,1,1,1,1,3,3,847.28,0.0
12460,5,5,0,316.72,58.71,55.87,68,1.217,60,3,3,57,0.0441,1,1,1,0.0,1,0,7.74,7.74,0,0,0,0.0,18.13,31.9,0,0.0,18.13,18.13,0.0,21.52,1.28,0.0,0.0,0.0,21.52,0.0,1.28,0.0,18.79,14.29,0.0,7,245,0,0,0.0,0.0,529.37,0.0,0.0,0,529.37,0.0,0.0,1,0.0019,1,0,0,1,3,3,847.28,
12464,1,2,1,26.73,0.0,26.73,1,0.0374,0,0,0,1,0.0,1,0,0,0.0,0,0,0.0,0.0,0,0,0,0.0,4.6,7.61,0,0.0,0.0,0.0,1.66,2.59,6.2,16.29,2.59,1.66,0.0,2.59,6.2,16.29,0.0,0.0,0.0,35,283,3,3,0.0,0.0,7.69,8.18,0.0,0,7.69,0.0,0.0,0,0.0,0,0,0,1,3,3,1871.62,1.0
12464,2,2,0,45.46,18.73,15.87,0,0.0,0,0,0,0,0.0,0,0,0,0.0,0,0,0.0,0.0,0,0,0,0.0,7.32,7.32,0,0.0,15.87,0.0,0.0,0.0,8.18,0.0,0.0,0.0,0.0,0.0,8.18,0.0,7.69,0.0,0.0,50,304,3,3,0.0,0.0,1824.41,0.0,0.0,0,1824.41,0.0,0.0,0,0.0,1,0,0,1,3,3,1871.62,
