student_id,segment_index,behavioral_state,thinking_subtype,start_time_ms,end_time_ms,duration_s
12472,0,thinking,thinking-task,0,77372,77.37
12472,1,debugging,,77372,145687,68.32
12472,2,thinking,thinking-error,145687,185735,40.05
12472,3,seekingHelp,,185735,191650,5.92
12472,4,thinking,thinking-llm,191650,309457,117.81
12473,0,thinking,thinking-task,0,133058,133.06
12473,1,implementing,,133058,141745,8.69
12473,2,thinking,thinking-code,141745,151139,9.39
12473,3,debugging,,151139,151525,0.39
12473,4,thinking,thinking-error,151525,182054,30.53
12473,5,debugging,,182054,198244,16.19
12473,6,thinking,thinking-error,198244,2123182,1924.94
12474,0,thinking,thinking-task,0,38827,38.83
12474,1,implementing,,38827,49407,10.58
12474,2,thinking,thinking-code,49407,56188,6.78
12474,3,implementing,,56188,60190,4.0
12474,4,thinking,thinking-code,60190,63333,3.14
12474,5,debugging,,63333,68391,5.06
12474,6,testing,,68391,70570,2.18
12474,7,debugging,,70570,72441,1.87
12474,8,testing,,72441,179846,107.4
12474,9,thinking,thinking-code,179846,189700,9.85
12475,0,thinking,thinking-task,0,38311,38.31
12475,1,implementing,,38311,46704,8.39
12475,2,thinking,thinking-code,46704,51946,5.24
12475,3,seekingHelp,,51946,56587,4.64
12475,4,thinking,thinking-llm,56587,64609,8.02
12475,5,implementing,,64609,64970,0.36
12475,6,thinking,thinking-code,64970,85340,20.37
12475,7,implementing,,85340,92314,6.97
12475,8,seekingHelp,,92314,97713,5.4
12475,9,thinking,thinking-llm,97713,104661,6.95
12475,10,implementing,,104661,110067,5.41
12475,11,thinking,thinking-code,110067,117924,7.86
12475,12,implementing,,117924,126913,8.99
12475,13,thinking,thinking-code,126913,135893,8.98
12475,14,implementing,,135893,166727,30.83
12475,15,thinking,thinking-code,166727,173480,6.75
12475,16,implementing,,173480,184955,11.48
12475,17,thinking,thinking-code,184955,191253,6.3
12475,18,implementing,,191253,200829,9.58
12475,19,thinking,thinking-code,200829,215346,14.52
12475,20,seekingHelp,,215346,218204,2.86
12475,21,thinking,thinking-llm,218204,225253,7.05
12475,22,debugging,,225253,236128,10.88
12475,23,thinking,thinking-error,236128,245557,9.43
12475,24,seekingHelp,,245557,248253,2.7
12475,25,thinking,thinking-llm,248253,256341,8.09
12475,26,debugging,,256341,257092,0.75
12475,27,thinking,thinking-error,257092,289901,32.81
12475,28,debugging,,289901,297302,7.4
12475,29,thinking,thinking-error,297302,300638,3.34
12475,30,testing,,300638,304825,4.19
12475,31,debugging,,304825,307297,2.47
12475,32,thinking,thinking-error,307297,312523,5.23
12475,33,debugging,,312523,315290,2.77
12475,34,thinking,thinking-error,315290,719284,403.99
12476,0,thinking,thinking-task,0,33306,33.31
12476,1,seekingHelp,,33306,37232,3.93
12476,2,thinking,thinking-llm,37232,50896,13.66
12476,3,implementing,,50896,85877,34.98
12476,4,thinking,thinking-code,85877,113368,27.49
12476,5,implementing,,113368,134849,21.48
12476,6,thinking,thinking-code,134849,140901,6.05
12476,7,implementing,,140901,148461,7.56
12476,8,thinking,thinking-code,148461,157178,8.72
12476,9,implementing,,157178,168699,11.52
12476,10,thinking,thinking-code,168699,181248,12.55
12476,11,implementing,,181248,200552,19.3
12476,12,thinking,thinking-code,200552,206815,6.26
12476,13,implementing,,206815,220768,13.95
12476,14,thinking,thinking-code,220768,227851,7.08
12476,15,implementing,,227851,232530,4.68
12476,16,thinking,thinking-code,232530,249266,16.74
12476,17,debugging,,249266,250951,1.68
12476,18,thinking,thinking-error,250951,281905,30.95
12476,19,seekingHelp,,281905,284953,3.05
12476,20,thinking,thinking-llm,284953,404117,119.16
12476,21,debugging,,404117,407788,3.67
12476,22,thinking,thinking-error,407788,633659,225.87
12477,0,thinking,thinking-task,0,35507,35.51
12477,1,implementing,,35507,38267,2.76
12477,2,thinking,thinking-code,38267,483918,445.65
12478,0,thinking,thinking-task,0,59763,59.76
12478,1,implementing,,59763,114882,55.12
12478,2,thinking,thinking-code,114882,125021,10.14
12478,3,implementing,,125021,146086,21.06
12478,4,thinking,thinking-code,146086,153019,6.93
12478,5,implementing,,153019,163820,10.8
12478,6,thinking,thinking-code,163820,171090,7.27
12478,7,seekingHelp,,171090,185688,14.6
12478,8,thinking,thinking-llm,185688,203838,18.15
12478,9,implementing,,203838,206755,2.92
12478,10,thinking,thinking-code,206755,228652,21.9
12478,11,implementing,,228652,248644,19.99
12478,12,thinking,thinking-code,248644,254128,5.48
12478,13,debugging,,254128,262776,8.65
12478,14,thinking,thinking-error,262776,306658,43.88
12478,15,debugging,,306658,307776,1.12
12478,16,thinking,thinking-error,307776,328715,20.94
12478,17,seekingHelp,,328715,331199,2.48
12478,18,thinking,thinking-llm,331199,341855,10.66
12478,19,debugging,,341855,342205,0.35
12478,20,thinking,thinking-error,342205,356607,14.4
12478,21,debugging,,356607,357045,0.44
12478,22,thinking,thinking-error,357045,360225,3.18
12478,23,testing,,360225,366705,6.48
12478,24,thinking,thinking-code,366705,574580,207.88
12479,0,thinking,thinking-task,0,89943,89.94
12479,1,implementing,,89943,90985,1.04
12479,2,thinking,thinking-code,90985,136471,45.49
12479,3,seekingHelp,,136471,144935,8.46
12479,4,thinking,thinking-llm,144935,154994,10.06
12479,5,seekingHelp,,154994,227077,72.08
12479,6,thinking,thinking-llm,227077,304179,77.1
12479,7,seekingHelp,,304179,312507,8.33
12479,8,thinking,thinking-llm,312507,1291546,979.04
12480,0,thinking,thinking-task,0,34432,34.43
12480,1,implementing,,34432,133398,98.97
12480,2,thinking,thinking-code,133398,148335,14.94
12480,3,seekingHelp,,148335,157653,9.32
12480,4,thinking,thinking-llm,157653,175350,17.7
12480,5,seekingHelp,,175350,182125,6.78
12480,6,thinking,thinking-llm,182125,190167,8.04
12480,7,debugging,,190167,210883,20.72
12480,8,thinking,thinking-error,210883,219114,8.23
12480,9,debugging,,219114,226606,7.49
12480,10,testing,,226606,339567,112.96
12480,11,thinking,thinking-code,339567,350811,11.24
12480,12,implementing,,350811,352967,2.16
12480,13,testing,,352967,354869,1.9
12480,14,debugging,,354869,359565,4.7
12480,15,thinking,thinking-error,359565,372509,12.94
12481,0,thinking,thinking-task,0,46659,46.66
12481,1,implementing,,46659,56955,10.3
12481,2,seekingHelp,,56955,68938,11.98
12481,3,thinking,thinking-llm,68938,78333,9.4
12481,4,seekingHelp,,78333,81839,3.51
12481,5,thinking,thinking-llm,81839,99277,17.44
12481,6,seekingHelp,,99277,104470,5.19
12481,7,thinking,thinking-llm,104470,112327,7.86
12481,8,seekingHelp,,112327,121813,9.49
12481,9,thinking,thinking-llm,121813,149329,27.52
12481,10,implementing,,149329,173264,23.94
12481,11,thinking,thinking-code,173264,181417,8.15
12481,12,seekingHelp,,181417,197831,16.41
12481,13,thinking,thinking-llm,197831,207818,9.99
12481,14,implementing,,207818,226544,18.73
12481,15,thinking,thinking-code,226544,233721,7.18
12481,16,implementing,,233721,238272,4.55
12481,17,thinking,thinking-code,238272,246793,8.52
12481,18,implementing,,246793,262205,15.41
12481,19,thinking,thinking-code,262205,269178,6.97
12481,20,implementing,,269178,271835,2.66
12481,21,thinking,thinking-code,271835,282870,11.04
12481,22,implementing,,282870,301059,18.19
12481,23,thinking,thinking-code,301059,329623,28.56
12481,24,seekingHelp,,329623,335808,6.18
12481,25,thinking,thinking-llm,335808,351114,15.31
12481,26,debugging,,351114,353924,2.81
12481,27,thinking,thinking-error,353924,361973,8.05
12481,28,debugging,,361973,364891,2.92
12481,29,thinking,thinking-error,364891,373843,8.95
12481,30,debugging,,373843,386921,13.08
12481,31,testing,,386921,393344,6.42
12481,32,debugging,,393344,400612,7.27
12481,33,testing,,400612,424371,23.76
12481,34,thinking,thinking-code,424371,435059,10.69
12481,35,seekingHelp,,435059,437185,2.13
12481,36,thinking,thinking-llm,437185,442958,5.77
12481,37,testing,,442958,444605,1.65
12482,0,thinking,thinking-task,0,85998,86.0
12482,1,implementing,,85998,87615,1.62
12482,2,thinking,thinking-code,87615,335971,248.36
12483,0,thinking,thinking-task,0,143822,143.82
12483,1,testing,,143822,188076,44.25
12483,2,thinking,thinking-error,188076,243807,55.73
12483,3,debugging,,243807,245216,1.41
12483,4,thinking,thinking-error,245216,2873704,2628.49
12484,0,thinking,thinking-task,0,29466,29.47
12484,1,implementing,,29466,41181,11.72
12484,2,thinking,thinking-code,41181,47335,6.15
12484,3,implementing,,47335,54474,7.14
12484,4,seekingHelp,,54474,61481,7.01
12484,5,thinking,thinking-llm,61481,101394,39.91
12484,6,implementing,,101394,109684,8.29
12484,7,thinking,thinking-code,109684,243933,134.25
12484,8,implementing,,243933,307626,63.69
12484,9,thinking,thinking-code,307626,312588,4.96
12484,10,debugging,,312588,315117,2.53
12484,11,thinking,thinking-error,315117,319759,4.64
12484,12,debugging,,319759,321976,2.22
12484,13,thinking,thinking-error,321976,365050,43.07
12485,0,thinking,thinking-task,0,37554,37.55
12485,1,implementing,,37554,63769,26.22
12485,2,thinking,thinking-code,63769,72145,8.38
12485,3,implementing,,72145,87732,15.59
12485,4,thinking,thinking-code,87732,98656,10.92
12485,5,implementing,,98656,116699,18.04
12485,6,thinking,thinking-code,116699,135815,19.12
12485,7,debugging,,135815,137957,2.14
12485,8,thinking,thinking-error,137957,190396,52.44
12485,9,debugging,,190396,191412,1.02
12485,10,thinking,thinking-error,191412,206079,14.67
12485,11,debugging,,206079,220589,14.51
12485,12,thinking,thinking-error,220589,226794,6.2
12485,13,debugging,,226794,235090,8.3
12485,14,thinking,thinking-error,235090,380972,145.88
12486,0,thinking,thinking-task,0,56015,56.02
12486,1,seekingHelp,,56015,59486,3.47
12486,2,thinking,thinking-llm,59486,75594,16.11
12486,3,implementing,,75594,85584,9.99
12486,4,thinking,thinking-code,85584,129328,43.74
12486,5,implementing,,129328,132646,3.32
12486,6,thinking,thinking-code,132646,142665,10.02
12486,7,implementing,,142665,176658,33.99
12486,8,thinking,thinking-code,176658,184462,7.8
12486,9,implementing,,184462,192180,7.72
12486,10,thinking,thinking-code,192180,206433,14.25
12486,11,seekingHelp,,206433,208773,2.34
12486,12,thinking,thinking-llm,208773,238187,29.41
12486,13,implementing,,238187,245673,7.49
12486,14,thinking,thinking-code,245673,254811,9.14
12486,15,implementing,,254811,291903,37.09
12486,16,thinking,thinking-code,291903,298143,6.24
12486,17,implementing,,298143,301721,3.58
12486,18,thinking,thinking-code,301721,309000,7.28
12486,19,implementing,,309000,328768,19.77
12486,20,thinking,thinking-code,328768,336827,8.06
12486,21,debugging,,336827,339810,2.98
12486,22,thinking,thinking-error,339810,363615,23.8
12486,23,seekingHelp,,363615,365091,1.48
12486,24,thinking,thinking-llm,365091,384921,19.83
12486,25,debugging,,384921,386026,1.1
12486,26,thinking,thinking-error,386026,401903,15.88
12486,27,debugging,,401903,420171,18.27
12486,28,thinking,thinking-error,420171,431640,11.47
12486,29,debugging,,431640,461642,30.0
12486,30,thinking,thinking-error,461642,472180,10.54
12486,31,testing,,472180,499205,27.02
12486,32,debugging,,499205,506667,7.46
12486,33,thinking,thinking-error,506667,515433,8.77
12486,34,seekingHelp,,515433,530574,15.14
12486,35,thinking,thinking-llm,530574,563260,32.69
12486,36,debugging,,563260,594257,31.0
12486,37,thinking,thinking-error,594257,639659,45.4
12486,38,debugging,,639659,648628,8.97
12486,39,thinking,thinking-error,648628,663076,14.45
12486,40,debugging,,663076,679029,15.95
12486,41,thinking,thinking-error,679029,2469638,1790.61
12487,0,thinking,thinking-task,0,54233,54.23
12487,1,implementing,,54233,61390,7.16
12487,2,thinking,thinking-code,61390,67929,6.54
12487,3,implementing,,67929,87827,19.9
12487,4,thinking,thinking-code,87827,94159,6.33
12487,5,implementing,,94159,113603,19.44
12487,6,thinking,thinking-code,113603,125693,12.09
12487,7,implementing,,125693,138937,13.24
12487,8,thinking,thinking-code,138937,148167,9.23
12487,9,implementing,,148167,155837,7.67
12487,10,thinking,thinking-code,155837,291457,135.62
12487,11,implementing,,291457,295262,3.8
12487,12,thinking,thinking-code,295262,311231,15.97
12487,13,implementing,,311231,339012,27.78
12487,14,thinking,thinking-code,339012,353233,14.22
12487,15,implementing,,353233,354566,1.33
12487,16,thinking,thinking-code,354566,363867,9.3
12487,17,debugging,,363867,365248,1.38
12487,18,testing,,365248,1769374,1404.13
12487,19,thinking,thinking-code,1769374,1783239,13.86
12488,0,thinking,thinking-task,0,35012,35.01
12488,1,seekingHelp,,35012,36889,1.88
12488,2,thinking,thinking-llm,36889,62306,25.42
12488,3,implementing,,62306,71110,8.8
12488,4,thinking,thinking-code,71110,82782,11.67
12488,5,implementing,,82782,101539,18.76
12488,6,seekingHelp,,101539,104902,3.36
12488,7,thinking,thinking-llm,104902,115191,10.29
12488,8,implementing,,115191,133746,18.56
12488,9,seekingHelp,,133746,138059,4.31
12488,10,thinking,thinking-llm,138059,150110,12.05
12488,11,implementing,,150110,151811,1.7
12488,12,thinking,thinking-code,151811,162073,10.26
12488,13,implementing,,162073,213678,51.6
12488,14,seekingHelp,,213678,219094,5.42
12488,15,thinking,thinking-llm,219094,240309,21.22
12488,16,implementing,,240309,244737,4.43
12488,17,thinking,thinking-code,244737,260323,15.59
12488,18,seekingHelp,,260323,268637,8.31
12488,19,thinking,thinking-llm,268637,278594,9.96
12488,20,implementing,,278594,281764,3.17
12488,21,seekingHelp,,281764,286122,4.36
12488,22,thinking,thinking-llm,286122,294030,7.91
12488,23,implementing,,294030,310368,16.34
12488,24,thinking,thinking-code,310368,320515,10.15
12488,25,seekingHelp,,320515,325449,4.93
12488,26,thinking,thinking-llm,325449,343162,17.71
12488,27,implementing,,343162,351052,7.89
12488,28,seekingHelp,,351052,353621,2.57
12488,29,thinking,thinking-llm,353621,359459,5.84
12488,30,implementing,,359459,363143,3.68
12488,31,seekingHelp,,363143,365503,2.36
12488,32,thinking,thinking-llm,365503,372490,6.99
12488,33,implementing,,372490,372955,0.46
12488,34,thinking,thinking-code,372955,461533,88.58
12489,0,thinking,thinking-task,0,68072,68.07
12489,1,implementing,,68072,73069,5.0
12490,0,thinking,thinking-task,0,110969,110.97
12490,1,implementing,,110969,146140,35.17
12490,2,thinking,thinking-code,146140,152568,6.43
12490,3,implementing,,152568,186533,33.97
12490,4,thinking,thinking-code,186533,218375,31.84
12490,5,debugging,,218375,219767,1.39
12490,6,thinking,thinking-error,219767,238299,18.53
12490,7,seekingHelp,,238299,243756,5.46
12490,8,thinking,thinking-llm,243756,265338,21.58
12490,9,debugging,,265338,267529,2.19
12490,10,thinking,thinking-error,267529,724812,457.28
12491,0,thinking,thinking-task,0,35761,35.76
12491,1,implementing,,35761,44605,8.84
12491,2,thinking,thinking-code,44605,55244,10.64
12491,3,debugging,,55244,56806,1.56
12491,4,thinking,thinking-error,56806,68833,12.03
12491,5,seekingHelp,,68833,83216,14.38
12491,6,thinking,thinking-llm,83216,92561,9.35
12491,7,seekingHelp,,92561,98679,6.12
12491,8,thinking,thinking-llm,98679,107259,8.58
12491,9,debugging,,107259,108232,0.97
12491,10,thinking,thinking-error,108232,121661,13.43
12491,11,seekingHelp,,121661,130320,8.66
12491,12,thinking,thinking-llm,130320,137863,7.54
12491,13,debugging,,137863,146163,8.3
12491,14,thinking,thinking-error,146163,174943,28.78
12491,15,debugging,,174943,178925,3.98
12491,16,seekingHelp,,178925,184414,5.49
12491,17,thinking,thinking-llm,184414,198124,13.71
12491,18,debugging,,198124,220576,22.45
12491,19,seekingHelp,,220576,225011,4.43
12491,20,thinking,thinking-llm,225011,231767,6.76
12491,21,debugging,,231767,238588,6.82
12491,22,thinking,thinking-error,238588,246508,7.92
12491,23,debugging,,246508,261923,15.42
12491,24,testing,,261923,264462,2.54
12491,25,seekingHelp,,264462,270264,5.8
12491,26,thinking,thinking-llm,270264,284269,14.0
12491,27,debugging,,284269,285946,1.68
12491,28,thinking,thinking-error,285946,289506,3.56
12491,29,testing,,289506,291372,1.87
12491,30,seekingHelp,,291372,295699,4.33
12491,31,thinking,thinking-llm,295699,304935,9.24
12491,32,implementing,,304935,346751,41.82
12491,33,seekingHelp,,346751,351200,4.45
12491,34,thinking,thinking-llm,351200,372852,21.65
12492,0,thinking,thinking-task,0,44913,44.91
12492,1,implementing,,44913,48094,3.18
12492,2,thinking,thinking-code,48094,78246,30.15
12492,3,implementing,,78246,90045,11.8
12492,4,thinking,thinking-code,90045,115087,25.04
12492,5,implementing,,115087,142916,27.83
12492,6,thinking,thinking-code,142916,156571,13.66
12492,7,implementing,,156571,164045,7.47
12492,8,thinking,thinking-code,164045,174191,10.15
12492,9,implementing,,174191,189545,15.35
12492,10,thinking,thinking-code,189545,196047,6.5
12492,11,implementing,,196047,233136,37.09
12492,12,thinking,thinking-code,233136,253884,20.75
12492,13,debugging,,253884,257324,3.44
12492,14,thinking,thinking-error,257324,279920,22.6
12492,15,debugging,,279920,286824,6.9
12492,16,thinking,thinking-error,286824,306505,19.68
12493,0,thinking,thinking-task,0,37045,37.04
12493,1,implementing,,37045,45824,8.78
12493,2,thinking,thinking-code,45824,57375,11.55
12493,3,implementing,,57375,97846,40.47
12493,4,thinking,thinking-code,97846,111927,14.08
12493,5,seekingHelp,,111927,113883,1.96
12493,6,thinking,thinking-llm,113883,119267,5.38
12493,7,seekingHelp,,119267,122095,2.83
12493,8,thinking,thinking-llm,122095,133946,11.85
12493,9,debugging,,133946,137380,3.43
12493,10,thinking,thinking-error,137380,146543,9.16
12493,11,seekingHelp,,146543,150286,3.74
12493,12,thinking,thinking-llm,150286,155352,5.07
12493,13,debugging,,155352,157164,1.81
12493,14,thinking,thinking-error,157164,188786,31.62
12493,15,debugging,,188786,212013,23.23
12493,16,thinking,thinking-error,212013,228504,16.49
12493,17,seekingHelp,,228504,233097,4.59
12493,18,thinking,thinking-llm,233097,242334,9.24
12493,19,debugging,,242334,252613,10.28
12493,20,testing,,252613,274705,22.09
12494,0,thinking,thinking-task,0,74561,74.56
12494,1,implementing,,74561,80009,5.45
12494,2,thinking,thinking-code,80009,89305,9.3
12494,3,implementing,,89305,91802,2.5
12494,4,thinking,thinking-code,91802,100659,8.86
12494,5,implementing,,100659,101171,0.51
12494,6,thinking,thinking-code,101171,126682,25.51
12494,7,implementing,,126682,142367,15.68
12494,8,thinking,thinking-code,142367,170452,28.08
12494,9,implementing,,170452,175952,5.5
12494,10,testing,,175952,353417,177.46
12494,11,thinking,thinking-error,353417,359485,6.07
12495,0,thinking,thinking-task,0,42843,42.84
12495,1,implementing,,42843,46652,3.81
12495,2,thinking,thinking-code,46652,53194,6.54
12495,3,seekingHelp,,53194,56030,2.84
12495,4,implementing,,56030,64189,8.16
12495,5,thinking,thinking-code,64189,74864,10.68
12495,6,debugging,,74864,82236,7.37
12495,7,thinking,thinking-error,82236,95781,13.54
12495,8,debugging,,95781,151096,55.32
12495,9,thinking,thinking-error,151096,171687,20.59
12495,10,debugging,,171687,221813,50.13
12495,11,thinking,thinking-error,221813,250135,28.32
12495,12,debugging,,250135,266390,16.26
12495,13,thinking,thinking-error,266390,289072,22.68
12495,14,seekingHelp,,289072,291880,2.81
12496,0,thinking,thinking-task,0,96606,96.61
12496,1,implementing,,96606,152664,56.06
12496,2,thinking,thinking-code,152664,2118441,1965.78
12497,0,thinking,thinking-task,0,59195,59.2
12497,1,implementing,,59195,64834,5.64
12497,2,thinking,thinking-code,64834,77658,12.82
12497,3,implementing,,77658,158894,81.24
12497,4,thinking,thinking-code,158894,179117,20.22
12497,5,implementing,,179117,192898,13.78
12497,6,seekingHelp,,192898,204978,12.08
12497,7,thinking,thinking-llm,204978,217353,12.38
12497,8,seekingHelp,,217353,226764,9.41
12497,9,thinking,thinking-llm,226764,237609,10.84
12497,10,implementing,,237609,242821,5.21
12497,11,seekingHelp,,242821,249710,6.89
12497,12,thinking,thinking-llm,249710,260519,10.81
12497,13,seekingHelp,,260519,262632,2.11
12497,14,thinking,thinking-llm,262632,271387,8.76
12497,15,implementing,,271387,302474,31.09
12497,16,seekingHelp,,302474,304206,1.73
12497,17,thinking,thinking-llm,304206,311568,7.36
12497,18,implementing,,311568,419755,108.19
12497,19,thinking,thinking-code,419755,439889,20.13
12498,0,thinking,thinking-task,0,67320,67.32
12498,1,implementing,,67320,84882,17.56
12498,2,thinking,thinking-code,84882,114467,29.58
12498,3,implementing,,114467,132255,17.79
12498,4,thinking,thinking-code,132255,138366,6.11
12498,5,implementing,,138366,147410,9.04
12498,6,thinking,thinking-code,147410,154754,7.34
12498,7,implementing,,154754,177063,22.31
12498,8,thinking,thinking-code,177063,206148,29.08
12498,9,seekingHelp,,206148,214938,8.79
12498,10,thinking,thinking-llm,214938,219894,4.96
12498,11,seekingHelp,,219894,223398,3.5
12498,12,thinking,thinking-llm,223398,349762,126.36
12499,0,thinking,thinking-task,0,74639,74.64
12499,1,implementing,,74639,101811,27.17
12499,2,thinking,thinking-code,101811,116499,14.69
12499,3,implementing,,116499,168462,51.96
12499,4,thinking,thinking-code,168462,193194,24.73
12499,5,debugging,,193194,205503,12.31
12499,6,thinking,thinking-error,205503,219594,14.09
12499,7,debugging,,219594,222819,3.22
12499,8,thinking,thinking-error,222819,250405,27.59
12499,9,debugging,,250405,269644,19.24
12499,10,thinking,thinking-error,269644,278642,9.0
12499,11,debugging,,278642,280024,1.38
12499,12,testing,,280024,282115,2.09
12499,13,debugging,,282115,284785,2.67
12499,14,thinking,thinking-error,284785,324829,40.04
12499,15,debugging,,324829,326090,1.26
12499,16,thinking,thinking-error,326090,386829,60.74
12499,17,debugging,,386829,410438,23.61
12499,18,thinking,thinking-error,410438,569600,159.16
12499,19,debugging,,569600,736886,167.29
12500,0,thinking,thinking-task,0,32802,32.8
12500,1,implementing,,32802,115977,83.18
12500,2,thinking,thinking-code,115977,120121,4.14
12500,3,debugging,,120121,125239,5.12
12500,4,thinking,thinking-error,125239,136463,11.22
12500,5,debugging,,136463,140811,4.35
12500,6,thinking,thinking-error,140811,146549,5.74
12500,7,debugging,,146549,149368,2.82
12500,8,thinking,thinking-error,149368,160845,11.48
12500,9,debugging,,160845,162904,2.06
12500,10,testing,,162904,165452,2.55
12500,11,debugging,,165452,167330,1.88
12500,12,thinking,thinking-error,167330,170921,3.59
12500,13,debugging,,170921,172195,1.27
12500,14,thinking,thinking-error,172195,177275,5.08
12500,15,debugging,,177275,180575,3.3
12500,16,thinking,thinking-error,180575,188423,7.85
12500,17,debugging,,188423,189890,1.47
12500,18,thinking,thinking-error,189890,339205,149.32
12501,0,thinking,thinking-task,0,97614,97.61
12501,1,implementing,,97614,98621,1.01
12501,2,thinking,thinking-code,98621,112233,13.61
12501,3,implementing,,112233,167372,55.14
12501,4,testing,,167372,180570,13.2
12501,5,thinking,thinking-error,180570,184573,4.0
12501,6,debugging,,184573,186168,1.6
12501,7,thinking,thinking-error,186168,191851,5.68
12501,8,debugging,,191851,193683,1.83
12501,9,thinking,thinking-error,193683,202145,8.46
12501,10,seekingHelp,,202145,204734,2.59
12501,11,thinking,thinking-llm,204734,349667,144.93
12501,12,seekingHelp,,349667,355980,6.31
12501,13,thinking,thinking-llm,355980,396797,40.82
12502,0,thinking,thinking-task,0,37474,37.47
12502,1,implementing,,37474,42194,4.72
12502,2,thinking,thinking-code,42194,61081,18.89
12502,3,implementing,,61081,65204,4.12
12502,4,thinking,thinking-code,65204,82864,17.66
12502,5,implementing,,82864,129882,47.02
12502,6,thinking,thinking-code,129882,138233,8.35
12502,7,implementing,,138233,138747,0.51
12502,8,thinking,thinking-code,138747,147472,8.72
12502,9,implementing,,147472,159366,11.89
12502,10,thinking,thinking-code,159366,186594,27.23
12502,11,debugging,,186594,187867,1.27
12502,12,thinking,thinking-error,187867,207339,19.47
12502,13,debugging,,207339,211772,4.43
12502,14,thinking,thinking-error,211772,1012598,800.83
12503,0,thinking,thinking-task,0,273530,273.53
12504,0,thinking,thinking-task,0,34334,34.33
12504,1,implementing,,34334,78366,44.03
12504,2,thinking,thinking-code,78366,85869,7.5
12504,3,implementing,,85869,97538,11.67
12504,4,thinking,thinking-code,97538,105127,7.59
12504,5,implementing,,105127,105584,0.46
12504,6,thinking,thinking-code,105584,112503,6.92
12504,7,implementing,,112503,122403,9.9
12504,8,thinking,thinking-code,122403,131092,8.69
12504,9,implementing,,131092,132306,1.21
12504,10,thinking,thinking-code,132306,136842,4.54
12504,11,testing,,136842,143064,6.22
12504,12,debugging,,143064,178917,35.85
12504,13,testing,,178917,181069,2.15
12504,14,thinking,thinking-error,181069,186119,5.05
12504,15,seekingHelp,,186119,189440,3.32
12504,16,thinking,thinking-llm,189440,230183,40.74
12504,17,debugging,,230183,232528,2.35
12504,18,testing,,232528,951520,718.99
12504,19,thinking,thinking-code,951520,1081228,129.71
12505,0,thinking,thinking-task,0,36345,36.34
12505,1,seekingHelp,,36345,44845,8.5
12505,2,thinking,thinking-llm,44845,116853,72.01
